posteam,week,pass_attempt,rush_attempt,shotgun,no_huddle,qb_scramble,first_down_rush,first_down_pass,qb_dropback,pass_length,pass_location,run_location,run_gap,yards_after_catch,play_type,yards_gained,air_yards,epa,ydstogo,down
CHI,1,0.0,1.0,0.0,0.0,0.0,0.0,0.0,0.0,,,left,tackle,,run,6.0,,0.23689157,10.0,1.0
CHI,1,1.0,0.0,1.0,0.0,0.0,0.0,0.0,1.0,short,right,,,3.0,pass,1.0,-2.0,-0.68668544,4.0,2.0
CHI,1,1.0,0.0,1.0,1.0,0.0,0.0,0.0,1.0,deep,left,,,,pass,0.0,24.0,-1.8376349,3.0,3.0
CHI,1,0.0,1.0,0.0,0.0,0.0,0.0,0.0,0.0,,,left,end,,run,6.0,,0.20828736,10.0,1.0
CHI,1,0.0,1.0,0.0,0.0,0.0,0.0,0.0,0.0,,,left,end,,run,1.0,,-0.58802795,4.0,2.0
CHI,1,1.0,0.0,1.0,1.0,0.0,0.0,0.0,1.0,deep,left,,,,pass,0.0,28.0,-1.8616213,3.0,3.0
CHI,1,1.0,0.0,1.0,0.0,0.0,0.0,1.0,1.0,short,left,,,0.0,pass,5.0,5.0,3.0118382,3.0,4.0
CHI,1,0.0,1.0,1.0,0.0,0.0,1.0,0.0,0.0,,,left,tackle,,run,6.0,,0.20571403,5.0,1.0
CHI,1,1.0,0.0,0.0,0.0,0.0,0.0,0.0,1.0,,,,,,pass,-19.0,,-2.4311707,10.0,1.0
CHI,1,1.0,0.0,1.0,0.0,0.0,0.0,0.0,1.0,short,middle,,,,pass,0.0,12.0,-1.1269745,29.0,2.0
CHI,1,1.0,0.0,1.0,0.0,0.0,0.0,0.0,1.0,short,right,,,4.0,pass,-1.0,-5.0,-0.76156837,29.0,3.0
CHI,1,1.0,0.0,0.0,0.0,0.0,0.0,1.0,1.0,short,right,,,0.0,pass,11.0,11.0,0.7192053,10.0,1.0
CHI,1,1.0,0.0,1.0,0.0,0.0,0.0,0.0,1.0,short,left,,,3.0,pass,9.0,6.0,0.8535242,10.0,1.0
CHI,1,0.0,1.0,0.0,1.0,0.0,0.0,0.0,0.0,,,right,end,,run,-3.0,,-1.4113445,1.0,2.0
CHI,1,1.0,0.0,1.0,0.0,0.0,0.0,0.0,1.0,deep,left,,,,pass,0.0,35.0,-1.5584103,4.0,3.0
CHI,1,0.0,1.0,1.0,0.0,0.0,0.0,0.0,0.0,,,left,guard,,run,-4.0,,-1.0053681,10.0,1.0
CHI,1,1.0,0.0,1.0,1.0,0.0,0.0,0.0,1.0,short,left,,,3.0,pass,13.0,10.0,1.0805314,14.0,2.0
CHI,1,0.0,1.0,0.0,0.0,0.0,0.0,0.0,0.0,,,right,guard,,run,0.0,,-0.72873765,1.0,3.0
CHI,1,0.0,1.0,0.0,0.0,0.0,1.0,0.0,0.0,,,left,tackle,,run,4.0,,1.574815,1.0,4.0
CHI,1,1.0,0.0,1.0,1.0,0.0,0.0,1.0,1.0,short,left,,,2.0,pass,11.0,9.0,0.57566553,10.0,1.0
CHI,1,1.0,0.0,1.0,1.0,0.0,0.0,0.0,1.0,short,left,,,2.0,pass,4.0,2.0,0.09009827,10.0,1.0
CHI,1,1.0,0.0,1.0,0.0,0.0,0.0,0.0,1.0,short,left,,,,pass,0.0,6.0,-0.76302046,6.0,2.0
CHI,1,1.0,0.0,0.0,0.0,0.0,0.0,0.0,1.0,short,middle,,,,pass,0.0,0.0,-0.74579436,6.0,3.0
CHI,1,0.0,1.0,0.0,0.0,0.0,0.0,0.0,0.0,,,left,end,,run,5.0,,-0.051305074,10.0,1.0
CHI,1,1.0,0.0,1.0,0.0,0.0,0.0,0.0,1.0,short,middle,,,,pass,0.0,8.0,-0.834494,5.0,2.0
CHI,1,1.0,0.0,1.0,0.0,0.0,0.0,1.0,1.0,short,left,,,4.0,pass,12.0,8.0,2.068649,5.0,3.0
CHI,1,1.0,0.0,0.0,0.0,0.0,0.0,0.0,1.0,short,left,,,,pass,0.0,8.0,-0.5154842,10.0,1.0
CHI,1,1.0,0.0,1.0,1.0,0.0,0.0,0.0,1.0,short,middle,,,,pass,0.0,9.0,-0.9920556,15.0,2.0
CHI,1,1.0,0.0,1.0,0.0,0.0,0.0,0.0,1.0,,,,,,pass,-10.0,,-1.6441605,20.0,3.0
CHI,1,0.0,1.0,0.0,0.0,0.0,0.0,0.0,0.0,,,left,end,,run,-3.0,,-1.3698996,10.0,1.0
CHI,1,1.0,0.0,1.0,0.0,0.0,0.0,0.0,1.0,short,right,,,,pass,0.0,1.0,-0.8565911,13.0,2.0
CHI,1,1.0,0.0,1.0,1.0,0.0,0.0,0.0,1.0,short,middle,,,,pass,0.0,8.0,-1.1135781,13.0,3.0
CHI,1,1.0,0.0,0.0,0.0,0.0,0.0,0.0,1.0,short,right,,,,pass,0.0,1.0,-0.5504183,10.0,1.0
CHI,1,1.0,0.0,1.0,1.0,0.0,0.0,0.0,1.0,short,right,,,,pass,0.0,4.0,-0.7870329,10.0,2.0
CHI,1,0.0,1.0,1.0,0.0,1.0,1.0,0.0,1.0,,,right,end,,run,11.0,,2.2108538,10.0,3.0
CHI,1,0.0,1.0,1.0,1.0,0.0,0.0,0.0,0.0,,,right,guard,,run,6.0,,0.28269973,10.0,1.0
CHI,1,1.0,0.0,1.0,1.0,0.0,0.0,1.0,1.0,short,left,,,9.0,pass,7.0,-2.0,0.60944206,4.0,2.0
CHI,1,1.0,0.0,1.0,1.0,0.0,0.0,0.0,1.0,short,left,,,3.0,pass,8.0,5.0,0.42251357,10.0,1.0
CHI,1,0.0,1.0,1.0,1.0,0.0,1.0,0.0,0.0,,,left,guard,,run,4.0,,0.1981086,2.0,2.0
CHI,1,0.0,1.0,0.0,0.0,0.0,0.0,0.0,0.0,,,right,end,,run,5.0,,-0.017789442,10.0,1.0
CHI,1,0.0,1.0,1.0,0.0,0.0,0.0,0.0,0.0,,,left,guard,,run,-2.0,,-1.1158624,5.0,2.0
CHI,1,1.0,0.0,1.0,1.0,0.0,0.0,0.0,1.0,deep,right,,,,pass,0.0,32.0,-2.0709355,2.0,3.0
CHI,1,1.0,0.0,0.0,0.0,0.0,0.0,0.0,1.0,short,left,,,,pass,0.0,-7.0,-0.42241547,10.0,1.0
CHI,1,1.0,0.0,1.0,0.0,0.0,0.0,0.0,1.0,short,left,,,0.0,pass,6.0,6.0,-0.2731931,20.0,2.0
CHI,1,0.0,1.0,1.0,1.0,1.0,0.0,0.0,1.0,,,left,tackle,,run,5.0,,-0.40616006,14.0,3.0
CHI,1,1.0,0.0,0.0,0.0,0.0,0.0,0.0,1.0,,,,,,pass,2.0,,1.053,0.0,
CHI,1,0.0,1.0,0.0,0.0,0.0,1.0,0.0,0.0,,,left,end,,run,14.0,,0.8413652,10.0,1.0
CHI,1,1.0,0.0,1.0,0.0,0.0,0.0,0.0,1.0,short,right,,,13.0,pass,8.0,-5.0,0.5649058,10.0,1.0
CHI,1,0.0,1.0,1.0,0.0,0.0,1.0,0.0,0.0,,,left,end,,run,20.0,,1.0917532,2.0,2.0
CHI,1,0.0,1.0,0.0,0.0,0.0,0.0,0.0,0.0,,,left,end,,run,4.0,,-0.2283105,10.0,1.0
CHI,1,0.0,1.0,1.0,0.0,0.0,0.0,0.0,0.0,,,left,end,,run,1.0,,-0.7236139,6.0,2.0
CHI,1,1.0,0.0,1.0,0.0,0.0,0.0,0.0,1.0,short,left,,,2.0,pass,-1.0,-3.0,-1.3628386,5.0,3.0
CHI,2,1.0,0.0,1.0,0.0,0.0,0.0,0.0,1.0,short,left,,,2.0,pass,2.0,0.0,-0.32244137,10.0,1.0
CHI,2,0.0,1.0,1.0,1.0,0.0,0.0,0.0,0.0,,,left,tackle,,run,-4.0,,-1.4452543,8.0,2.0
CHI,2,1.0,0.0,1.0,0.0,0.0,0.0,1.0,1.0,short,right,,,0.0,pass,14.0,14.0,2.6118274,12.0,3.0
CHI,2,1.0,0.0,1.0,1.0,0.0,0.0,1.0,1.0,short,left,,,11.0,pass,12.0,1.0,0.9050609,10.0,1.0
CHI,2,0.0,1.0,0.0,0.0,0.0,0.0,0.0,0.0,,,middle,,,run,0.0,,-0.5061762,10.0,1.0
CHI,2,1.0,0.0,1.0,0.0,0.0,0.0,0.0,1.0,short,right,,,5.0,pass,8.0,3.0,0.31453058,10.0,2.0
CHI,2,1.0,0.0,1.0,0.0,0.0,0.0,1.0,1.0,short,left,,,12.0,pass,19.0,7.0,2.1579375,2.0,3.0
CHI,2,0.0,1.0,0.0,0.0,0.0,0.0,0.0,0.0,,,left,tackle,,run,2.0,,-0.34380943,10.0,1.0
CHI,2,0.0,1.0,1.0,0.0,0.0,0.0,0.0,0.0,,,middle,,,run,-1.0,,-0.76717806,8.0,2.0
CHI,2,1.0,0.0,1.0,0.0,0.0,0.0,0.0,1.0,,,,,,pass,-10.0,,-1.9771798,9.0,3.0
CHI,2,1.0,0.0,1.0,0.0,0.0,0.0,0.0,1.0,short,middle,,,6.0,pass,0.0,-6.0,-0.56263006,10.0,1.0
CHI,2,1.0,0.0,1.0,0.0,0.0,0.0,0.0,1.0,short,right,,,0.0,pass,6.0,6.0,-0.013469225,10.0,2.0
CHI,2,1.0,0.0,1.0,0.0,0.0,0.0,0.0,1.0,short,right,,,,pass,0.0,4.0,-1.5374779,4.0,3.0
CHI,2,0.0,1.0,0.0,0.0,0.0,0.0,0.0,0.0,,,middle,,,run,7.0,,0.30338827,10.0,1.0
CHI,2,0.0,1.0,1.0,1.0,0.0,0.0,0.0,0.0,,,right,guard,,run,2.0,,-0.06446928,3.0,2.0
CHI,2,0.0,1.0,0.0,1.0,0.0,0.0,0.0,0.0,,,middle,,,run,0.0,,-1.6979792,1.0,3.0
CHI,2,0.0,1.0,1.0,0.0,0.0,1.0,0.0,0.0,,,middle,,,run,1.0,,2.197643,1.0,4.0
CHI,2,1.0,0.0,1.0,1.0,0.0,0.0,0.0,1.0,short,right,,,2.0,pass,6.0,4.0,0.3096477,10.0,1.0
CHI,2,1.0,0.0,0.0,0.0,0.0,0.0,0.0,1.0,short,left,,,,pass,0.0,-9.0,-0.5878722,4.0,2.0
CHI,2,1.0,0.0,1.0,0.0,0.0,0.0,0.0,1.0,,,,,,pass,-8.0,,-1.812752,9.0,3.0
CHI,2,1.0,0.0,0.0,0.0,0.0,0.0,0.0,1.0,short,right,,,6.0,pass,7.0,1.0,0.33934388,10.0,1.0
CHI,2,0.0,1.0,1.0,1.0,0.0,0.0,0.0,0.0,,,middle,,,run,0.0,,-0.4693458,3.0,2.0
CHI,2,1.0,0.0,1.0,0.0,0.0,0.0,1.0,1.0,short,right,,,13.0,pass,16.0,3.0,1.5160314,3.0,3.0
CHI,2,1.0,0.0,1.0,0.0,0.0,0.0,0.0,1.0,short,left,,,3.0,pass,-1.0,-4.0,-0.76875633,10.0,1.0
CHI,2,1.0,0.0,1.0,0.0,0.0,0.0,0.0,1.0,short,middle,,,0.0,pass,2.0,2.0,-0.3776296,11.0,2.0
CHI,2,0.0,1.0,1.0,0.0,1.0,0.0,0.0,1.0,,,middle,,,run,9.0,,1.0357174,11.0,1.0
CHI,2,1.0,0.0,1.0,1.0,0.0,0.0,0.0,1.0,short,right,,,,pass,0.0,2.0,-0.78247607,2.0,2.0
CHI,2,0.0,1.0,1.0,0.0,0.0,1.0,0.0,0.0,,,left,end,,run,2.0,,2.1571045,2.0,3.0
CHI,2,1.0,0.0,1.0,0.0,0.0,0.0,0.0,1.0,short,left,,,1.0,pass,3.0,2.0,-0.22859412,10.0,1.0
CHI,2,0.0,1.0,0.0,0.0,0.0,0.0,0.0,0.0,,,right,guard,,run,4.0,,-0.17524704,7.0,2.0
CHI,2,1.0,0.0,1.0,0.0,0.0,0.0,0.0,1.0,deep,left,,,,pass,0.0,27.0,-1.8010788,3.0,3.0
CHI,2,0.0,1.0,1.0,0.0,0.0,0.0,0.0,0.0,,,left,end,,run,-4.0,,-1.2731258,10.0,1.0
CHI,2,1.0,0.0,1.0,0.0,0.0,0.0,0.0,1.0,deep,right,,,,pass,0.0,18.0,-0.69903207,14.0,2.0
CHI,2,0.0,1.0,1.0,0.0,1.0,0.0,0.0,1.0,,,left,end,,run,10.0,,-0.24640743,14.0,3.0
CHI,2,1.0,0.0,1.0,0.0,0.0,0.0,0.0,1.0,short,right,,,1.0,pass,6.0,5.0,-0.0049559413,15.0,1.0
CHI,2,1.0,0.0,0.0,0.0,0.0,0.0,1.0,1.0,short,right,,,11.0,pass,10.0,-1.0,0.7829188,10.0,1.0
CHI,2,1.0,0.0,1.0,0.0,0.0,0.0,0.0,1.0,,,,,,pass,0.0,,-0.54696673,15.0,1.0
CHI,2,1.0,0.0,1.0,0.0,0.0,0.0,0.0,1.0,short,left,,,19.0,pass,14.0,-5.0,1.3859087,15.0,2.0
CHI,2,1.0,0.0,1.0,0.0,0.0,0.0,0.0,1.0,,,,,,pass,-7.0,,-3.2792838,1.0,3.0
CHI,2,0.0,1.0,1.0,0.0,0.0,0.0,0.0,0.0,,,right,end,,run,6.0,,0.20502874,10.0,1.0
CHI,2,0.0,1.0,0.0,1.0,0.0,0.0,0.0,0.0,,,right,tackle,,run,1.0,,0.6712827,4.0,2.0
CHI,2,0.0,1.0,1.0,0.0,0.0,0.0,0.0,0.0,,,left,end,,run,1.0,,-0.5129991,10.0,1.0
CHI,2,1.0,0.0,1.0,0.0,0.0,0.0,0.0,1.0,short,right,,,7.0,pass,1.0,-6.0,-1.0220088,9.0,2.0
CHI,2,1.0,0.0,1.0,0.0,0.0,0.0,0.0,1.0,short,left,,,6.0,pass,2.0,-4.0,-0.7769959,18.0,2.0
CHI,2,1.0,0.0,1.0,0.0,0.0,0.0,0.0,1.0,deep,left,,,,pass,0.0,26.0,-1.9710219,16.0,3.0
CHI,2,1.0,0.0,1.0,0.0,0.0,0.0,0.0,1.0,short,right,,,1.0,pass,-5.0,-6.0,-1.1647452,10.0,1.0
CHI,2,1.0,0.0,1.0,1.0,0.0,0.0,0.0,1.0,deep,right,,,,pass,0.0,27.0,-3.2579892,15.0,2.0
CHI,2,0.0,1.0,0.0,0.0,0.0,0.0,0.0,0.0,,,left,tackle,,run,3.0,,-0.34302256,10.0,1.0
CHI,2,1.0,0.0,1.0,1.0,0.0,0.0,0.0,1.0,deep,left,,,,pass,0.0,26.0,-0.6726661,7.0,2.0
CHI,2,1.0,0.0,1.0,0.0,0.0,0.0,0.0,1.0,,,,,,pass,-7.0,,-2.11849,7.0,3.0
CHI,2,0.0,1.0,1.0,0.0,0.0,0.0,0.0,0.0,,,left,guard,,run,1.0,,-0.6463945,10.0,1.0
CHI,2,1.0,0.0,1.0,1.0,0.0,0.0,0.0,1.0,short,middle,,,,pass,0.0,12.0,-0.6748062,9.0,2.0
CHI,2,0.0,1.0,1.0,1.0,1.0,1.0,0.0,1.0,,,right,end,,run,24.0,,2.7262793,9.0,3.0
CHI,2,1.0,0.0,1.0,1.0,0.0,0.0,0.0,1.0,short,left,,,2.0,pass,7.0,5.0,0.40116313,10.0,1.0
CHI,2,1.0,0.0,1.0,1.0,0.0,0.0,0.0,1.0,deep,left,,,,pass,0.0,51.0,-0.7494929,3.0,2.0
CHI,2,1.0,0.0,1.0,0.0,0.0,0.0,1.0,1.0,short,left,,,7.0,pass,12.0,5.0,1.6539865,3.0,3.0
CHI,2,1.0,0.0,1.0,1.0,0.0,0.0,0.0,1.0,short,right,,,1.0,pass,6.0,5.0,0.20108731,10.0,1.0
CHI,2,1.0,0.0,1.0,0.0,0.0,0.0,0.0,1.0,short,right,,,,pass,0.0,7.0,-2.0615284,4.0,2.0
CHI,2,1.0,0.0,1.0,0.0,0.0,0.0,0.0,1.0,,,,,,pass,0.0,,-0.650741,10.0,1.0
CHI,2,0.0,1.0,1.0,1.0,0.0,0.0,0.0,0.0,,,middle,,,run,6.0,,0.24186003,10.0,2.0
CHI,2,1.0,0.0,1.0,1.0,0.0,0.0,0.0,1.0,deep,left,,,,pass,0.0,21.0,-1.5001676,4.0,3.0
CHI,2,1.0,0.0,1.0,0.0,0.0,0.0,1.0,1.0,short,right,,,15.0,pass,27.0,12.0,0.97885585,10.0,1.0
CHI,2,1.0,0.0,1.0,1.0,0.0,0.0,0.0,1.0,short,right,,,,pass,0.0,5.0,-0.32271612,10.0,1.0
CHI,2,1.0,0.0,1.0,0.0,0.0,0.0,0.0,1.0,,,,,,pass,-8.0,,-1.2687572,10.0,2.0
CHI,2,0.0,1.0,1.0,1.0,1.0,0.0,0.0,1.0,,,left,end,,run,1.0,,-0.1857093,18.0,3.0
CHI,2,1.0,0.0,1.0,0.0,0.0,0.0,0.0,1.0,deep,right,,,,pass,0.0,25.0,-1.604942,17.0,4.0
CHI,3,0.0,1.0,1.0,0.0,0.0,0.0,0.0,0.0,,,middle,,,run,4.0,,-0.0448457,10.0,1.0
CHI,3,1.0,0.0,1.0,0.0,0.0,0.0,0.0,1.0,short,left,,,,pass,0.0,13.0,-0.8575644,6.0,2.0
CHI,3,1.0,0.0,1.0,0.0,0.0,0.0,1.0,1.0,short,left,,,1.0,pass,7.0,6.0,1.6575593,6.0,3.0
CHI,3,0.0,1.0,0.0,0.0,0.0,0.0,0.0,0.0,,,middle,,,run,8.0,,0.6835324,10.0,1.0
CHI,3,0.0,1.0,0.0,1.0,0.0,0.0,0.0,0.0,,,right,end,,run,-1.0,,-1.046752,2.0,2.0
CHI,3,0.0,1.0,1.0,0.0,0.0,0.0,0.0,0.0,,,middle,,,run,2.0,,-1.1723753,3.0,3.0
CHI,3,1.0,0.0,0.0,0.0,0.0,0.0,1.0,1.0,short,left,,,9.0,pass,8.0,-1.0,2.7336237,1.0,4.0
CHI,3,0.0,1.0,0.0,0.0,0.0,0.0,0.0,0.0,,,right,end,,run,3.0,,-0.3140015,10.0,1.0
CHI,3,1.0,0.0,1.0,0.0,0.0,0.0,0.0,1.0,short,right,,,2.0,pass,1.0,-1.0,-0.70874137,7.0,2.0
CHI,3,1.0,0.0,1.0,0.0,0.0,0.0,0.0,1.0,deep,left,,,,pass,0.0,37.0,-1.1707036,6.0,3.0
CHI,3,0.0,1.0,1.0,1.0,0.0,0.0,0.0,0.0,,,right,guard,,run,4.0,,-0.34242707,15.0,1.0
CHI,3,0.0,1.0,0.0,0.0,0.0,0.0,0.0,0.0,,,right,tackle,,run,2.0,,-0.36927834,10.0,1.0
CHI,3,1.0,0.0,1.0,0.0,0.0,0.0,0.0,1.0,deep,right,,,,pass,0.0,18.0,-0.8826484,8.0,2.0
CHI,3,1.0,0.0,1.0,0.0,0.0,0.0,0.0,1.0,deep,left,,,,pass,0.0,23.0,-1.6175984,8.0,3.0
CHI,3,1.0,0.0,1.0,0.0,0.0,0.0,0.0,1.0,short,left,,,0.0,pass,5.0,5.0,-0.012299265,10.0,1.0
CHI,3,0.0,1.0,0.0,0.0,0.0,1.0,0.0,0.0,,,middle,,,run,7.0,,0.87953764,5.0,2.0
CHI,3,0.0,1.0,0.0,0.0,0.0,0.0,0.0,0.0,,,left,end,,run,1.0,,-0.56008714,10.0,1.0
CHI,3,1.0,0.0,1.0,1.0,0.0,0.0,0.0,1.0,,,,,,pass,-7.0,,-1.6046377,9.0,2.0
CHI,3,1.0,0.0,1.0,0.0,0.0,0.0,0.0,1.0,short,right,,,8.0,pass,6.0,-2.0,-0.57317936,16.0,3.0
CHI,3,1.0,0.0,0.0,0.0,0.0,0.0,1.0,1.0,deep,left,,,7.0,pass,47.0,40.0,2.9501398,10.0,1.0
CHI,3,0.0,1.0,0.0,1.0,0.0,0.0,0.0,0.0,,,right,guard,,run,6.0,,0.30786705,10.0,1.0
CHI,3,1.0,0.0,1.0,0.0,0.0,0.0,0.0,1.0,short,right,,,,pass,0.0,12.0,-0.6337525,4.0,2.0
CHI,3,1.0,0.0,1.0,0.0,0.0,0.0,0.0,1.0,short,left,,,,pass,0.0,2.0,-5.1178927,4.0,3.0
CHI,3,0.0,1.0,0.0,0.0,0.0,0.0,0.0,0.0,,,left,tackle,,run,2.0,,-0.38813853,10.0,1.0
CHI,3,0.0,1.0,1.0,1.0,0.0,0.0,0.0,0.0,,,middle,,,run,-1.0,,-0.74675393,8.0,2.0
CHI,3,1.0,0.0,1.0,0.0,0.0,0.0,1.0,1.0,short,left,,,9.0,pass,11.0,2.0,1.8584836,9.0,3.0
CHI,3,1.0,0.0,0.0,0.0,0.0,0.0,1.0,1.0,deep,left,,,4.0,pass,27.0,23.0,1.7307768,10.0,1.0
CHI,3,1.0,0.0,0.0,0.0,0.0,0.0,0.0,1.0,short,right,,,,pass,0.0,-4.0,-0.35688058,10.0,1.0
CHI,3,1.0,0.0,1.0,0.0,0.0,0.0,0.0,1.0,short,right,,,1.0,pass,6.0,5.0,-0.00020709302,10.0,2.0
CHI,3,1.0,0.0,1.0,1.0,0.0,0.0,1.0,1.0,short,left,,,8.0,pass,7.0,-1.0,1.0889084,4.0,3.0
CHI,3,1.0,0.0,0.0,0.0,0.0,0.0,0.0,1.0,deep,left,,,,pass,0.0,19.0,-0.46614727,10.0,1.0
CHI,3,1.0,0.0,1.0,0.0,0.0,0.0,0.0,1.0,short,left,,,4.0,pass,1.0,-3.0,-0.48691654,10.0,1.0
CHI,3,0.0,1.0,0.0,1.0,0.0,0.0,0.0,0.0,,,left,end,,run,4.0,,-0.29099968,9.0,2.0
CHI,3,1.0,0.0,1.0,0.0,0.0,0.0,0.0,1.0,short,right,,,1.0,pass,4.0,3.0,-0.6202321,5.0,3.0
CHI,3,0.0,1.0,1.0,1.0,0.0,1.0,0.0,0.0,,,middle,,,run,1.0,,2.2652845,1.0,4.0
CHI,3,0.0,1.0,1.0,0.0,0.0,0.0,0.0,0.0,,,middle,,,run,2.0,,-0.026733408,4.0,1.0
CHI,3,0.0,1.0,1.0,0.0,0.0,0.0,0.0,0.0,,,middle,,,run,1.0,,-0.15640385,2.0,2.0
CHI,3,0.0,1.0,1.0,0.0,0.0,0.0,0.0,0.0,,,middle,,,run,0.0,,-1.8624674,1.0,3.0
CHI,3,0.0,1.0,1.0,0.0,0.0,0.0,0.0,0.0,,,left,end,,run,-12.0,,-4.56631,1.0,4.0
CHI,3,1.0,0.0,1.0,0.0,0.0,0.0,1.0,1.0,short,left,,,0.0,pass,12.0,12.0,0.20006317,10.0,1.0
CHI,3,1.0,0.0,1.0,1.0,0.0,0.0,0.0,1.0,short,left,,,,pass,0.0,-1.0,-0.09566753,10.0,1.0
CHI,3,1.0,0.0,1.0,1.0,0.0,0.0,0.0,1.0,short,right,,,6.0,pass,9.0,3.0,0.10880075,10.0,2.0
CHI,3,0.0,1.0,1.0,0.0,0.0,1.0,0.0,0.0,,,middle,,,run,8.0,,0.3661231,1.0,3.0
CHI,3,1.0,0.0,1.0,0.0,0.0,0.0,0.0,1.0,deep,right,,,,pass,0.0,36.0,-0.106791615,20.0,1.0
CHI,3,1.0,0.0,1.0,1.0,0.0,0.0,0.0,1.0,short,right,,,11.0,pass,18.0,7.0,0.465041,20.0,2.0
CHI,3,1.0,0.0,1.0,0.0,0.0,0.0,1.0,1.0,deep,right,,,0.0,pass,44.0,44.0,-0.40522128,2.0,4.0
CHI,3,1.0,0.0,0.0,0.0,0.0,0.0,1.0,1.0,short,left,,,3.0,pass,15.0,12.0,1.063931,10.0,1.0
CHI,3,0.0,1.0,0.0,1.0,0.0,0.0,0.0,0.0,,,middle,,,run,1.0,,-0.5078359,10.0,1.0
CHI,3,1.0,0.0,1.0,0.0,0.0,0.0,0.0,1.0,short,right,,,,pass,0.0,-1.0,-0.8043749,9.0,2.0
CHI,3,1.0,0.0,1.0,0.0,0.0,0.0,0.0,1.0,short,right,,,2.0,pass,2.0,0.0,-0.7490894,9.0,3.0
CHI,3,0.0,1.0,0.0,0.0,0.0,0.0,0.0,0.0,,,left,end,,run,2.0,,-0.57083076,10.0,1.0
CHI,3,1.0,0.0,1.0,1.0,0.0,0.0,0.0,1.0,short,left,,,,pass,0.0,3.0,-0.7553094,8.0,2.0
CHI,3,1.0,0.0,1.0,0.0,0.0,0.0,0.0,1.0,,,,,,pass,-10.0,,-1.9722601,8.0,3.0
CHI,3,1.0,0.0,0.0,0.0,0.0,0.0,0.0,1.0,deep,left,,,,pass,0.0,22.0,-4.181067,10.0,1.0
CHI,3,0.0,1.0,1.0,0.0,0.0,0.0,0.0,0.0,,,middle,,,run,4.0,,-0.07343703,10.0,1.0
CHI,3,0.0,1.0,0.0,0.0,0.0,0.0,0.0,0.0,,,right,end,,run,2.0,,-0.4740304,6.0,2.0
CHI,3,1.0,0.0,1.0,0.0,0.0,0.0,0.0,1.0,deep,left,,,,pass,0.0,41.0,-1.7362304,4.0,3.0
CHI,3,1.0,0.0,0.0,0.0,0.0,0.0,1.0,1.0,short,left,,,15.0,pass,11.0,-4.0,0.6817968,10.0,1.0
CHI,3,0.0,1.0,0.0,0.0,0.0,0.0,0.0,0.0,,,left,end,,run,4.0,,-0.09281127,10.0,1.0
CHI,3,1.0,0.0,1.0,0.0,0.0,0.0,1.0,1.0,short,left,,,3.0,pass,8.0,5.0,0.9039144,6.0,2.0
CHI,3,0.0,1.0,0.0,0.0,0.0,0.0,0.0,0.0,,,left,end,,run,-6.0,,-1.2369442,10.0,1.0
CHI,3,1.0,0.0,1.0,1.0,0.0,0.0,0.0,1.0,short,right,,,6.0,pass,11.0,5.0,0.34863177,16.0,2.0
CHI,3,1.0,0.0,1.0,1.0,0.0,0.0,1.0,1.0,short,right,,,4.0,pass,14.0,10.0,2.111603,5.0,3.0
CHI,3,0.0,1.0,0.0,0.0,0.0,0.0,0.0,0.0,,,left,tackle,,run,3.0,,-0.23025037,10.0,1.0
CHI,3,1.0,0.0,1.0,0.0,0.0,0.0,0.0,1.0,deep,middle,,,,pass,0.0,16.0,-0.6257198,7.0,2.0
CHI,3,1.0,0.0,1.0,0.0,0.0,0.0,1.0,1.0,short,right,,,0.0,pass,10.0,10.0,1.7023959,7.0,3.0
CHI,3,0.0,1.0,0.0,0.0,0.0,0.0,0.0,0.0,,,left,end,,run,3.0,,-0.26451805,10.0,1.0
CHI,3,1.0,0.0,1.0,0.0,0.0,0.0,0.0,1.0,short,right,,,1.0,pass,1.0,0.0,-0.6805796,7.0,2.0
CHI,3,1.0,0.0,1.0,0.0,0.0,0.0,1.0,1.0,short,middle,,,2.0,pass,8.0,6.0,2.0219448,6.0,3.0
CHI,3,1.0,0.0,1.0,0.0,0.0,0.0,1.0,1.0,short,left,,,0.0,pass,1.0,1.0,0.56860405,1.0,1.0
CHI,3,1.0,0.0,0.0,0.0,0.0,0.0,0.0,1.0,,,,,,pass,0.0,,-0.947,0.0,
CHI,3,1.0,0.0,0.0,0.0,0.0,0.0,0.0,1.0,,,,,,pass,-6.0,,-5.557391,10.0,1.0
CHI,3,1.0,0.0,1.0,0.0,0.0,0.0,0.0,1.0,short,right,,,0.0,pass,6.0,6.0,0.20459324,10.0,1.0
CHI,3,1.0,0.0,1.0,0.0,0.0,0.0,1.0,1.0,deep,middle,,,-3.0,pass,19.0,22.0,1.4487085,4.0,2.0
CHI,3,1.0,0.0,1.0,1.0,0.0,0.0,0.0,1.0,short,middle,,,3.0,pass,6.0,3.0,0.048056204,10.0,1.0
CHI,3,1.0,0.0,1.0,1.0,0.0,0.0,0.0,1.0,deep,middle,,,,pass,0.0,39.0,-0.6054293,4.0,2.0
CHI,3,0.0,1.0,1.0,0.0,0.0,1.0,0.0,0.0,,,right,guard,,run,9.0,,1.2139304,4.0,3.0
CHI,3,1.0,0.0,1.0,1.0,0.0,0.0,0.0,1.0,,,,,,pass,-8.0,,-1.4317064,10.0,1.0
CHI,3,1.0,0.0,1.0,1.0,0.0,0.0,0.0,1.0,short,right,,,3.0,pass,6.0,3.0,0.13816334,18.0,2.0
CHI,3,1.0,0.0,1.0,1.0,0.0,0.0,1.0,1.0,short,right,,,7.0,pass,17.0,10.0,2.2915487,12.0,3.0
CHI,3,1.0,0.0,1.0,0.0,0.0,0.0,0.0,1.0,short,middle,,,,pass,0.0,15.0,-0.4871247,10.0,1.0
CHI,3,1.0,0.0,1.0,1.0,0.0,0.0,0.0,1.0,short,left,,,,pass,0.0,6.0,-0.7208278,10.0,2.0
CHI,3,1.0,0.0,1.0,0.0,0.0,0.0,0.0,1.0,short,middle,,,2.0,pass,9.0,7.0,0.14392042,10.0,3.0
CHI,3,1.0,0.0,1.0,0.0,0.0,0.0,1.0,1.0,short,right,,,1.0,pass,6.0,5.0,3.1896708,1.0,4.0
CHI,4,0.0,1.0,0.0,0.0,0.0,0.0,0.0,0.0,,,right,end,,run,6.0,,0.24575485,10.0,1.0
CHI,4,1.0,0.0,1.0,0.0,0.0,0.0,1.0,1.0,short,right,,,1.0,pass,5.0,4.0,0.5655059,4.0,2.0
CHI,4,0.0,1.0,0.0,0.0,0.0,0.0,0.0,0.0,,,right,end,,run,2.0,,-0.47286955,10.0,1.0
CHI,4,0.0,1.0,0.0,0.0,0.0,0.0,0.0,0.0,,,right,end,,run,4.0,,-0.27416205,8.0,2.0
CHI,4,1.0,0.0,1.0,0.0,0.0,0.0,0.0,1.0,short,left,,,4.0,pass,2.0,-2.0,-1.4056522,4.0,3.0
CHI,4,0.0,1.0,1.0,0.0,0.0,0.0,0.0,0.0,,,right,guard,,run,6.0,,-0.14146093,25.0,1.0
CHI,4,1.0,0.0,1.0,1.0,0.0,0.0,0.0,1.0,short,right,,,2.0,pass,6.0,4.0,-0.148166,19.0,2.0
CHI,4,1.0,0.0,1.0,0.0,0.0,0.0,0.0,1.0,short,right,,,,pass,0.0,-2.0,-1.1202291,13.0,3.0
CHI,4,0.0,1.0,0.0,0.0,0.0,0.0,0.0,0.0,,,right,guard,,run,4.0,,-0.1724009,10.0,1.0
CHI,4,0.0,1.0,1.0,1.0,0.0,1.0,0.0,0.0,,,left,end,,run,7.0,,0.81902725,6.0,2.0
CHI,4,1.0,0.0,1.0,0.0,0.0,0.0,0.0,1.0,short,left,,,2.0,pass,5.0,3.0,0.030937256,15.0,1.0
CHI,4,1.0,0.0,1.0,0.0,0.0,0.0,0.0,1.0,short,middle,,,6.0,pass,10.0,4.0,0.14020322,20.0,2.0
CHI,4,0.0,1.0,0.0,0.0,0.0,0.0,0.0,0.0,,,middle,,,run,4.0,,-0.25158197,10.0,1.0
CHI,4,1.0,0.0,1.0,0.0,0.0,0.0,0.0,1.0,deep,right,,,,pass,0.0,22.0,-0.44007963,10.0,1.0
CHI,4,0.0,1.0,1.0,0.0,0.0,0.0,0.0,0.0,,,left,guard,,run,1.0,,-0.78370166,10.0,2.0
CHI,4,1.0,0.0,1.0,0.0,0.0,0.0,0.0,1.0,,,,,,pass,-12.0,,-1.3742837,14.0,3.0
CHI,4,1.0,0.0,1.0,0.0,0.0,0.0,0.0,1.0,short,right,,,,pass,0.0,15.0,-0.43464926,10.0,1.0
CHI,4,0.0,1.0,1.0,0.0,0.0,0.0,0.0,0.0,,,right,guard,,run,1.0,,-0.68868953,10.0,2.0
CHI,4,0.0,1.0,0.0,0.0,0.0,1.0,0.0,0.0,,,right,guard,,run,1.0,,0.61371547,1.0,1.0
CHI,4,1.0,0.0,1.0,0.0,0.0,0.0,0.0,1.0,short,right,,,3.0,pass,8.0,5.0,0.26277298,10.0,1.0
CHI,4,1.0,0.0,1.0,0.0,0.0,0.0,1.0,1.0,short,middle,,,28.0,pass,27.0,-1.0,1.8728981,2.0,2.0
CHI,4,1.0,0.0,1.0,1.0,0.0,0.0,0.0,1.0,short,right,,,3.0,pass,8.0,5.0,0.48824155,10.0,1.0
CHI,4,0.0,1.0,1.0,0.0,0.0,1.0,0.0,0.0,,,right,end,,run,7.0,,0.53113157,2.0,2.0
CHI,4,1.0,0.0,1.0,0.0,0.0,0.0,0.0,1.0,deep,right,,,,pass,0.0,17.0,-0.3886675,10.0,1.0
CHI,4,1.0,0.0,1.0,1.0,0.0,0.0,0.0,1.0,,,,,,pass,-5.0,,-1.0786374,10.0,2.0
CHI,4,1.0,0.0,1.0,0.0,0.0,0.0,0.0,1.0,deep,right,,,,pass,0.0,22.0,-0.1368043,15.0,3.0
CHI,4,0.0,1.0,0.0,0.0,0.0,0.0,0.0,0.0,,,right,guard,,run,4.0,,-0.082283296,10.0,1.0
CHI,4,1.0,0.0,0.0,0.0,0.0,0.0,1.0,1.0,short,right,,,4.0,pass,10.0,6.0,0.98785216,6.0,2.0
CHI,4,0.0,1.0,0.0,0.0,0.0,0.0,0.0,0.0,,,left,end,,run,9.0,,0.84129125,10.0,1.0
CHI,4,1.0,0.0,0.0,0.0,0.0,0.0,1.0,1.0,short,left,,,7.0,pass,11.0,4.0,0.4218366,1.0,2.0
CHI,4,0.0,1.0,0.0,0.0,0.0,0.0,0.0,0.0,,,right,tackle,,run,0.0,,-0.5434389,10.0,1.0
CHI,4,1.0,0.0,1.0,0.0,0.0,0.0,0.0,1.0,short,left,,,11.0,pass,7.0,-4.0,0.19035499,10.0,2.0
CHI,4,0.0,1.0,1.0,0.0,0.0,1.0,0.0,0.0,,,left,guard,,run,8.0,,1.2578642,3.0,3.0
CHI,4,1.0,0.0,1.0,1.0,0.0,0.0,0.0,1.0,short,left,,,8.0,pass,6.0,-2.0,0.22820607,10.0,1.0
CHI,4,0.0,1.0,1.0,1.0,0.0,1.0,0.0,0.0,,,left,guard,,run,5.0,,0.4560615,4.0,2.0
CHI,4,1.0,0.0,1.0,1.0,0.0,0.0,0.0,1.0,short,left,,,,pass,0.0,14.0,-0.46936193,10.0,1.0
CHI,4,0.0,1.0,1.0,0.0,0.0,0.0,0.0,0.0,,,left,end,,run,5.0,,-0.33222088,10.0,2.0
CHI,4,1.0,0.0,1.0,1.0,0.0,0.0,1.0,1.0,short,middle,,,0.0,pass,9.0,9.0,2.6091242,5.0,3.0
CHI,4,1.0,0.0,1.0,0.0,0.0,0.0,0.0,1.0,short,left,,,2.0,pass,7.0,5.0,0.32613173,10.0,1.0
CHI,4,1.0,0.0,0.0,0.0,0.0,0.0,1.0,1.0,short,right,,,7.0,pass,5.0,-2.0,0.37691405,3.0,2.0
CHI,4,0.0,1.0,0.0,0.0,0.0,0.0,0.0,0.0,,,left,tackle,,run,5.0,,0.087140955,15.0,1.0
CHI,4,1.0,0.0,1.0,1.0,0.0,0.0,1.0,1.0,deep,middle,,,3.0,pass,22.0,19.0,1.8574487,10.0,2.0
CHI,4,0.0,1.0,0.0,1.0,0.0,1.0,0.0,0.0,,,left,guard,,run,36.0,,3.3805096,10.0,1.0
CHI,4,0.0,1.0,0.0,0.0,0.0,0.0,0.0,0.0,,,right,guard,,run,-1.0,,-0.64305013,10.0,1.0
CHI,4,1.0,0.0,1.0,0.0,0.0,0.0,0.0,1.0,short,right,,,10.0,pass,9.0,-1.0,0.69196403,11.0,2.0
CHI,4,1.0,0.0,1.0,0.0,0.0,0.0,0.0,1.0,,,,,,pass,-7.0,,-1.9703454,7.0,3.0
CHI,4,0.0,1.0,0.0,0.0,0.0,0.0,0.0,0.0,,,right,guard,,run,7.0,,0.14814755,10.0,1.0
CHI,4,0.0,1.0,0.0,0.0,0.0,0.0,0.0,0.0,,,right,guard,,run,2.0,,-0.016010659,3.0,2.0
CHI,4,0.0,1.0,0.0,0.0,0.0,1.0,0.0,0.0,,,right,tackle,,run,3.0,,0.03726182,1.0,3.0
CHI,4,0.0,1.0,0.0,0.0,0.0,0.0,0.0,0.0,,,left,end,,run,3.0,,-1.1161059,10.0,1.0
CHI,4,0.0,1.0,0.0,0.0,0.0,0.0,0.0,0.0,,,left,tackle,,run,2.0,,-0.18734552,7.0,2.0
CHI,4,0.0,1.0,1.0,0.0,0.0,0.0,0.0,0.0,,,left,end,,run,2.0,,-0.46661782,5.0,3.0
CHI,5,1.0,0.0,1.0,0.0,0.0,0.0,0.0,1.0,short,left,,,,pass,0.0,4.0,-0.60406977,10.0,1.0
CHI,5,0.0,1.0,0.0,0.0,0.0,0.0,0.0,0.0,,,left,end,,run,3.0,,-0.6557993,10.0,2.0
CHI,5,1.0,0.0,1.0,0.0,0.0,0.0,0.0,1.0,,,,,,pass,-8.0,,-1.9736724,7.0,3.0
CHI,5,0.0,1.0,0.0,0.0,0.0,0.0,0.0,0.0,,,right,tackle,,run,8.0,,0.571028,10.0,1.0
CHI,5,0.0,1.0,1.0,1.0,0.0,1.0,0.0,0.0,,,right,guard,,run,3.0,,0.09790153,2.0,2.0
CHI,5,1.0,0.0,0.0,1.0,0.0,0.0,1.0,1.0,short,left,,,8.0,pass,11.0,3.0,0.65390354,10.0,1.0
CHI,5,1.0,0.0,1.0,1.0,0.0,0.0,0.0,1.0,short,left,,,0.0,pass,3.0,3.0,-0.24073744,10.0,1.0
CHI,5,0.0,1.0,1.0,0.0,0.0,1.0,0.0,0.0,,,left,guard,,run,7.0,,0.8944826,7.0,2.0
CHI,5,0.0,1.0,0.0,1.0,0.0,0.0,0.0,0.0,,,right,tackle,,run,4.0,,-0.2795684,10.0,1.0
CHI,5,1.0,0.0,1.0,1.0,0.0,0.0,1.0,1.0,deep,right,,,13.0,pass,34.0,21.0,3.5617983,6.0,2.0
CHI,5,0.0,1.0,1.0,0.0,0.0,0.0,0.0,0.0,,,right,tackle,,run,4.0,,-0.24327631,10.0,1.0
CHI,5,1.0,0.0,0.0,1.0,0.0,0.0,1.0,1.0,short,right,,,15.0,pass,23.0,8.0,2.0482242,6.0,2.0
CHI,5,0.0,1.0,0.0,1.0,0.0,0.0,0.0,0.0,,,right,tackle,,run,4.0,,-0.23951904,10.0,1.0
CHI,5,0.0,1.0,1.0,1.0,1.0,1.0,0.0,1.0,,,right,tackle,,run,6.0,,0.62465763,6.0,2.0
CHI,5,0.0,1.0,1.0,0.0,0.0,0.0,0.0,0.0,,,left,guard,,run,2.0,,-0.3739487,10.0,1.0
CHI,5,0.0,1.0,0.0,1.0,0.0,1.0,0.0,0.0,,,left,end,,run,18.0,,1.8395107,8.0,2.0
CHI,5,1.0,0.0,0.0,0.0,0.0,0.0,0.0,1.0,short,left,,,8.0,pass,6.0,-2.0,0.23515847,10.0,1.0
CHI,5,0.0,1.0,0.0,1.0,1.0,1.0,0.0,1.0,,,right,end,,run,5.0,,0.27587417,4.0,2.0
CHI,5,0.0,1.0,1.0,0.0,0.0,0.0,0.0,0.0,,,left,tackle,,run,5.0,,0.13578565,10.0,1.0
CHI,5,1.0,0.0,1.0,0.0,0.0,0.0,0.0,1.0,short,left,,,,pass,0.0,7.0,-0.8619945,5.0,2.0
CHI,5,0.0,1.0,1.0,1.0,0.0,1.0,0.0,0.0,,,left,guard,,run,6.0,,2.0727372,5.0,3.0
CHI,5,0.0,1.0,0.0,0.0,0.0,0.0,0.0,0.0,,,left,guard,,run,2.0,,0.05039217,3.0,1.0
CHI,5,0.0,1.0,0.0,0.0,0.0,1.0,0.0,0.0,,,right,guard,,run,1.0,,0.82283413,1.0,2.0
CHI,5,0.0,1.0,0.0,0.0,0.0,0.0,0.0,0.0,,,left,end,,run,-1.0,,-0.875397,10.0,1.0
CHI,5,1.0,0.0,1.0,0.0,0.0,0.0,0.0,1.0,short,left,,,,pass,0.0,13.0,-0.77285355,11.0,2.0
CHI,5,1.0,0.0,1.0,0.0,0.0,0.0,1.0,1.0,short,right,,,9.0,pass,17.0,8.0,2.4984486,11.0,3.0
CHI,5,0.0,1.0,1.0,1.0,0.0,0.0,0.0,0.0,,,left,guard,,run,8.0,,0.55777514,10.0,1.0
CHI,5,0.0,1.0,0.0,1.0,0.0,1.0,0.0,0.0,,,right,guard,,run,3.0,,0.071804784,2.0,2.0
CHI,5,1.0,0.0,1.0,1.0,0.0,0.0,0.0,1.0,short,right,,,0.0,pass,4.0,4.0,-0.064874776,10.0,1.0
CHI,5,0.0,1.0,1.0,1.0,0.0,0.0,0.0,0.0,,,left,guard,,run,4.0,,0.08689449,6.0,2.0
CHI,5,0.0,1.0,1.0,1.0,0.0,0.0,0.0,0.0,,,left,guard,,run,1.0,,-1.2329504,2.0,3.0
CHI,5,0.0,1.0,0.0,0.0,0.0,0.0,0.0,0.0,,,right,tackle,,run,0.0,,-3.2788906,1.0,4.0
CHI,5,1.0,0.0,1.0,0.0,0.0,0.0,1.0,1.0,short,right,,,48.0,pass,42.0,-6.0,3.5287778,10.0,1.0
CHI,5,0.0,1.0,0.0,0.0,0.0,0.0,0.0,0.0,,,left,tackle,,run,1.0,,-0.052221,2.0,1.0
CHI,5,0.0,1.0,0.0,0.0,0.0,1.0,0.0,0.0,,,right,guard,,run,1.0,,0.90179914,1.0,2.0
CHI,5,1.0,0.0,1.0,0.0,0.0,0.0,0.0,1.0,short,left,,,8.0,pass,5.0,-3.0,-0.13787991,10.0,1.0
CHI,5,1.0,0.0,1.0,0.0,0.0,0.0,0.0,1.0,short,middle,,,,pass,0.0,13.0,-0.3859307,5.0,2.0
CHI,5,1.0,0.0,1.0,0.0,0.0,0.0,1.0,1.0,deep,right,,,2.0,pass,25.0,23.0,2.3040905,5.0,3.0
CHI,5,0.0,1.0,1.0,1.0,1.0,0.0,0.0,1.0,,,right,end,,run,2.0,,-0.18332092,10.0,1.0
CHI,5,1.0,0.0,1.0,0.0,0.0,0.0,1.0,1.0,deep,left,,,0.0,pass,30.0,30.0,4.0645094,8.0,2.0
CHI,5,0.0,1.0,0.0,0.0,0.0,0.0,0.0,0.0,,,right,guard,,run,0.0,,-0.536296,10.0,1.0
CHI,5,1.0,0.0,1.0,0.0,0.0,0.0,0.0,1.0,short,middle,,,4.0,pass,5.0,1.0,-0.32583404,19.0,2.0
CHI,5,0.0,1.0,1.0,0.0,1.0,0.0,0.0,1.0,,,left,tackle,,run,11.0,,-0.034642745,14.0,3.0
CHI,5,1.0,0.0,1.0,0.0,0.0,0.0,0.0,1.0,short,middle,,,0.0,pass,6.0,6.0,0.23568776,10.0,1.0
CHI,5,1.0,0.0,1.0,1.0,0.0,0.0,1.0,1.0,short,right,,,4.0,pass,11.0,7.0,0.81789714,4.0,2.0
CHI,5,1.0,0.0,1.0,1.0,0.0,0.0,1.0,1.0,short,right,,,4.0,pass,19.0,15.0,1.1124203,10.0,1.0
CHI,5,1.0,0.0,1.0,1.0,0.0,0.0,1.0,1.0,short,middle,,,11.0,pass,16.0,5.0,1.02544,10.0,1.0
CHI,5,1.0,0.0,1.0,1.0,0.0,0.0,0.0,1.0,short,right,,,,pass,0.0,14.0,-0.46533954,10.0,1.0
CHI,5,0.0,1.0,0.0,1.0,0.0,0.0,0.0,0.0,,,right,tackle,,run,2.0,,-0.7545211,10.0,2.0
CHI,5,0.0,1.0,1.0,1.0,1.0,1.0,0.0,1.0,,,right,end,,run,10.0,,2.4169335,8.0,3.0
CHI,5,0.0,1.0,0.0,0.0,0.0,0.0,0.0,0.0,,,left,guard,,run,1.0,,-0.09635792,2.0,1.0
CHI,5,1.0,0.0,1.0,0.0,0.0,0.0,0.0,1.0,short,right,,,,pass,0.0,10.0,-0.82788646,15.0,2.0
CHI,5,1.0,0.0,1.0,0.0,0.0,0.0,0.0,1.0,short,middle,,,,pass,0.0,10.0,-0.62254834,15.0,3.0
CHI,5,0.0,1.0,0.0,0.0,0.0,0.0,0.0,0.0,,,right,tackle,,run,2.0,,-0.44398117,15.0,1.0
CHI,5,1.0,0.0,1.0,0.0,0.0,0.0,0.0,1.0,short,right,,,,pass,0.0,5.0,-0.833726,13.0,2.0
CHI,5,1.0,0.0,1.0,0.0,0.0,0.0,0.0,1.0,short,middle,,,8.0,pass,11.0,3.0,-0.019739108,13.0,3.0
CHI,5,1.0,0.0,1.0,0.0,0.0,0.0,0.0,1.0,short,left,,,5.0,pass,2.0,-3.0,-0.530669,10.0,1.0
CHI,5,1.0,0.0,0.0,0.0,0.0,0.0,1.0,1.0,short,right,,,27.0,pass,26.0,-1.0,2.2312462,8.0,2.0
CHI,5,0.0,1.0,0.0,1.0,0.0,0.0,0.0,0.0,,,right,guard,,run,3.0,,-0.35891917,10.0,1.0
CHI,5,0.0,1.0,0.0,1.0,0.0,0.0,0.0,0.0,,,left,guard,,run,1.0,,-0.6935493,7.0,2.0
CHI,5,1.0,0.0,1.0,0.0,0.0,0.0,0.0,1.0,short,left,,,,pass,0.0,10.0,-1.4381354,6.0,3.0
CHI,5,0.0,1.0,0.0,0.0,0.0,0.0,0.0,0.0,,,right,guard,,run,3.0,,-0.20133197,10.0,1.0
CHI,5,1.0,0.0,0.0,0.0,0.0,0.0,1.0,1.0,short,left,,,8.0,pass,8.0,0.0,0.8782031,7.0,2.0
CHI,5,0.0,1.0,0.0,0.0,0.0,0.0,0.0,0.0,,,left,guard,,run,1.0,,-0.36555257,7.0,1.0
CHI,5,0.0,1.0,0.0,0.0,0.0,0.0,0.0,0.0,,,left,end,,run,0.0,,-0.91435206,6.0,2.0
CHI,5,0.0,1.0,0.0,0.0,0.0,1.0,0.0,0.0,,,right,tackle,,run,1.0,,0.613394,1.0,1.0
CHI,5,1.0,0.0,0.0,0.0,0.0,0.0,0.0,1.0,,,,,,pass,0.0,,-0.947,0.0,
CHI,6,0.0,1.0,0.0,0.0,0.0,0.0,0.0,0.0,,,right,tackle,,run,3.0,,-0.36061743,10.0,1.0
CHI,6,0.0,1.0,0.0,0.0,0.0,0.0,0.0,0.0,,,left,end,,run,2.0,,-0.400869,7.0,2.0
CHI,6,1.0,0.0,1.0,0.0,0.0,0.0,0.0,1.0,,,,,,pass,-1.0,,-1.4523189,5.0,3.0
CHI,6,1.0,0.0,0.0,0.0,0.0,0.0,0.0,1.0,short,right,,,3.0,pass,5.0,2.0,-0.03211349,10.0,1.0
CHI,6,1.0,0.0,1.0,0.0,0.0,0.0,0.0,1.0,short,left,,,0.0,pass,-2.0,-2.0,-1.4394768,5.0,2.0
CHI,6,1.0,0.0,1.0,0.0,0.0,0.0,0.0,1.0,short,right,,,,pass,0.0,-5.0,-1.2192918,7.0,3.0
CHI,6,0.0,1.0,0.0,0.0,0.0,1.0,0.0,0.0,,,left,tackle,,run,12.0,,0.73269886,10.0,1.0
CHI,6,0.0,1.0,1.0,1.0,0.0,0.0,0.0,0.0,,,left,tackle,,run,3.0,,-0.21463351,10.0,1.0
CHI,6,0.0,1.0,1.0,1.0,0.0,1.0,0.0,0.0,,,right,end,,run,10.0,,1.2449071,7.0,2.0
CHI,6,0.0,1.0,0.0,1.0,0.0,0.0,0.0,0.0,,,left,guard,,run,6.0,,0.23909809,10.0,1.0
CHI,6,0.0,1.0,0.0,1.0,0.0,0.0,0.0,0.0,,,left,tackle,,run,-2.0,,-1.267385,4.0,2.0
CHI,6,1.0,0.0,1.0,0.0,0.0,0.0,1.0,1.0,short,left,,,19.0,pass,17.0,-2.0,2.4754384,6.0,3.0
CHI,6,1.0,0.0,1.0,0.0,0.0,0.0,1.0,1.0,deep,middle,,,15.0,pass,31.0,16.0,3.4268866,10.0,1.0
CHI,6,0.0,1.0,1.0,0.0,0.0,0.0,0.0,0.0,,,right,end,,run,4.0,,-0.17751864,10.0,1.0
CHI,6,0.0,1.0,0.0,1.0,0.0,0.0,0.0,0.0,,,left,tackle,,run,1.0,,-0.5209511,6.0,2.0
CHI,6,1.0,0.0,1.0,0.0,0.0,0.0,1.0,1.0,short,left,,,7.0,pass,8.0,1.0,1.5337741,5.0,3.0
CHI,6,0.0,1.0,0.0,1.0,0.0,0.0,0.0,0.0,,,right,end,,run,4.0,,-0.15202864,10.0,1.0
CHI,6,1.0,0.0,1.0,1.0,0.0,0.0,1.0,1.0,deep,middle,,,11.0,pass,28.0,17.0,2.1434255,6.0,2.0
CHI,6,1.0,0.0,1.0,1.0,0.0,0.0,0.0,1.0,short,left,,,4.0,pass,9.0,5.0,0.7744118,10.0,1.0
CHI,6,0.0,1.0,1.0,1.0,0.0,0.0,0.0,0.0,,,middle,,,run,0.0,,-0.48517537,1.0,2.0
CHI,6,1.0,0.0,0.0,0.0,0.0,0.0,0.0,1.0,deep,left,,,,pass,0.0,34.0,-3.9968016,1.0,3.0
CHI,6,0.0,1.0,1.0,0.0,0.0,0.0,0.0,0.0,,,middle,,,run,1.0,,-0.3626452,10.0,1.0
CHI,6,0.0,1.0,0.0,1.0,0.0,1.0,0.0,0.0,,,left,end,,run,10.0,,0.9170439,9.0,2.0
CHI,6,0.0,1.0,1.0,1.0,1.0,1.0,0.0,1.0,,,right,end,,run,23.0,,1.2467694,10.0,1.0
CHI,6,1.0,0.0,1.0,0.0,0.0,0.0,1.0,1.0,short,middle,,,1.0,pass,12.0,11.0,0.56720513,10.0,1.0
CHI,6,1.0,0.0,1.0,0.0,0.0,0.0,0.0,1.0,short,right,,,1.0,pass,5.0,4.0,0.18767157,10.0,1.0
CHI,6,1.0,0.0,1.0,1.0,0.0,0.0,0.0,1.0,short,left,,,,pass,0.0,9.0,-0.31216908,5.0,2.0
CHI,6,1.0,0.0,1.0,0.0,0.0,0.0,1.0,1.0,short,right,,,4.0,pass,10.0,6.0,0.98560363,5.0,3.0
CHI,6,1.0,0.0,1.0,0.0,0.0,0.0,0.0,1.0,short,left,,,7.0,pass,3.0,-4.0,-0.06476056,10.0,1.0
CHI,6,0.0,1.0,1.0,0.0,1.0,1.0,0.0,1.0,,,left,end,,run,19.0,,1.9004259,7.0,2.0
CHI,6,1.0,0.0,1.0,0.0,0.0,0.0,1.0,1.0,short,right,,,0.0,pass,2.0,2.0,1.6531395,2.0,1.0
CHI,6,1.0,0.0,1.0,0.0,0.0,0.0,0.0,1.0,short,left,,,5.0,pass,0.0,-5.0,-0.57403785,10.0,1.0
CHI,6,0.0,1.0,0.0,1.0,0.0,0.0,0.0,0.0,,,right,tackle,,run,2.0,,-0.7875395,10.0,2.0
CHI,6,1.0,0.0,1.0,0.0,0.0,0.0,1.0,1.0,short,middle,,,1.0,pass,11.0,10.0,2.2875226,8.0,3.0
CHI,6,1.0,0.0,0.0,0.0,0.0,0.0,1.0,1.0,short,left,,,19.0,pass,19.0,0.0,1.0252489,10.0,1.0
CHI,6,1.0,0.0,1.0,1.0,0.0,0.0,0.0,1.0,short,left,,,1.0,pass,5.0,4.0,0.30484414,9.0,1.0
CHI,6,1.0,0.0,1.0,0.0,0.0,0.0,0.0,1.0,short,right,,,,pass,0.0,0.0,-0.9995976,4.0,2.0
CHI,6,1.0,0.0,1.0,0.0,0.0,0.0,1.0,1.0,short,middle,,,0.0,pass,9.0,9.0,3.1791227,9.0,3.0
CHI,6,0.0,1.0,1.0,0.0,0.0,0.0,0.0,0.0,,,right,end,,run,8.0,,0.56094384,10.0,1.0
CHI,6,1.0,0.0,1.0,1.0,0.0,0.0,1.0,1.0,short,right,,,1.0,pass,2.0,1.0,0.064604744,2.0,2.0
CHI,6,1.0,0.0,1.0,0.0,0.0,0.0,0.0,1.0,,,,,,pass,-4.0,,-1.0364071,10.0,1.0
CHI,6,1.0,0.0,1.0,0.0,0.0,0.0,0.0,1.0,short,left,,,11.0,pass,6.0,-5.0,-0.19386487,14.0,2.0
CHI,6,0.0,1.0,1.0,1.0,0.0,1.0,0.0,0.0,,,right,end,,run,17.0,,1.1846569,10.0,1.0
CHI,6,1.0,0.0,1.0,1.0,0.0,0.0,0.0,1.0,,,,,,pass,0.0,,-0.43679076,10.0,1.0
CHI,6,1.0,0.0,1.0,0.0,0.0,0.0,0.0,1.0,short,right,,,,pass,0.0,-6.0,-0.6937879,10.0,2.0
CHI,6,0.0,1.0,0.0,0.0,0.0,1.0,0.0,0.0,,,right,guard,,run,19.0,,1.2147307,10.0,1.0
CHI,6,0.0,1.0,0.0,0.0,0.0,0.0,0.0,0.0,,,right,tackle,,run,4.0,,0.2361024,7.0,1.0
CHI,6,1.0,0.0,0.0,0.0,0.0,0.0,1.0,1.0,short,left,,,0.0,pass,3.0,3.0,1.3503932,3.0,2.0
CHI,6,1.0,0.0,0.0,0.0,0.0,0.0,1.0,1.0,short,right,,,24.0,pass,27.0,3.0,1.6461447,10.0,1.0
CHI,6,1.0,0.0,1.0,1.0,0.0,0.0,0.0,1.0,short,middle,,,12.0,pass,8.0,-4.0,1.0106455,9.0,1.0
CHI,6,0.0,1.0,0.0,0.0,0.0,1.0,0.0,0.0,,,middle,,,run,1.0,,0.8998579,1.0,2.0
CHI,6,0.0,1.0,0.0,0.0,0.0,0.0,0.0,0.0,,,left,end,,run,3.0,,-0.12036205,10.0,1.0
CHI,6,1.0,0.0,0.0,0.0,0.0,0.0,0.0,1.0,short,right,,,,pass,0.0,-4.0,-0.7093407,7.0,2.0
CHI,6,0.0,1.0,1.0,0.0,0.0,0.0,0.0,0.0,,,right,end,,run,1.0,,-1.1202062,7.0,3.0
CHI,6,1.0,0.0,1.0,0.0,0.0,0.0,1.0,1.0,short,left,,,2.0,pass,8.0,6.0,2.8177204,3.0,4.0
CHI,6,0.0,1.0,0.0,0.0,0.0,0.0,0.0,0.0,,,left,guard,,run,3.0,,-0.26609176,10.0,1.0
CHI,6,0.0,1.0,0.0,0.0,0.0,0.0,0.0,0.0,,,left,end,,run,1.0,,-0.44930756,7.0,2.0
CHI,6,0.0,1.0,1.0,0.0,0.0,0.0,0.0,0.0,,,left,guard,,run,0.0,,-0.98557985,6.0,3.0
CHI,8,0.0,1.0,1.0,0.0,0.0,0.0,0.0,0.0,,,right,guard,,run,1.0,,-0.44491583,10.0,1.0
CHI,8,1.0,0.0,1.0,0.0,0.0,0.0,0.0,1.0,,,,,,pass,-6.0,,-1.5468144,9.0,2.0
CHI,8,1.0,0.0,1.0,0.0,0.0,0.0,0.0,1.0,short,middle,,,,pass,0.0,11.0,-1.0289989,20.0,3.0
CHI,8,1.0,0.0,1.0,0.0,0.0,0.0,0.0,1.0,deep,middle,,,,pass,0.0,17.0,-0.5421735,10.0,1.0
CHI,8,0.0,1.0,1.0,1.0,0.0,1.0,0.0,0.0,,,middle,,,run,13.0,,1.3241247,10.0,2.0
CHI,8,1.0,0.0,1.0,1.0,0.0,0.0,1.0,1.0,short,middle,,,5.0,pass,17.0,12.0,1.25043,10.0,1.0
CHI,8,0.0,1.0,1.0,0.0,0.0,0.0,0.0,0.0,,,right,guard,,run,5.0,,0.20408659,15.0,1.0
CHI,8,1.0,0.0,1.0,1.0,0.0,0.0,0.0,1.0,short,left,,,,pass,0.0,0.0,-0.89068127,10.0,2.0
CHI,8,1.0,0.0,1.0,0.0,0.0,0.0,0.0,1.0,short,right,,,,pass,0.0,3.0,-1.8909978,10.0,3.0
CHI,8,0.0,1.0,1.0,0.0,0.0,0.0,0.0,0.0,,,right,end,,run,5.0,,-0.04656113,10.0,1.0
CHI,8,0.0,1.0,1.0,1.0,0.0,0.0,0.0,0.0,,,left,tackle,,run,3.0,,-0.1735417,5.0,2.0
CHI,8,0.0,1.0,1.0,0.0,1.0,0.0,0.0,1.0,,,middle,,,run,1.0,,-1.2425128,2.0,3.0
CHI,8,0.0,1.0,0.0,0.0,0.0,0.0,0.0,0.0,,,left,end,,run,6.0,,0.28336892,10.0,1.0
CHI,8,0.0,1.0,1.0,0.0,0.0,1.0,0.0,0.0,,,right,end,,run,5.0,,0.37445876,4.0,2.0
CHI,8,1.0,0.0,1.0,1.0,0.0,0.0,0.0,1.0,,,,,,pass,-5.0,,-1.0405535,10.0,1.0
CHI,8,0.0,1.0,1.0,0.0,1.0,0.0,0.0,1.0,,,middle,,,run,13.0,,0.96748394,15.0,2.0
CHI,8,0.0,1.0,0.0,1.0,0.0,0.0,0.0,0.0,,,right,end,,run,1.0,,-1.2780598,2.0,3.0
CHI,8,1.0,0.0,0.0,0.0,0.0,0.0,0.0,1.0,short,right,,,0.0,pass,0.0,0.0,-3.193266,1.0,4.0
CHI,8,0.0,1.0,1.0,0.0,0.0,0.0,0.0,0.0,,,right,guard,,run,2.0,,-0.4483045,10.0,1.0
CHI,8,0.0,1.0,1.0,1.0,1.0,0.0,0.0,1.0,,,right,end,,run,3.0,,-0.4381704,8.0,2.0
CHI,8,1.0,0.0,1.0,0.0,0.0,0.0,1.0,1.0,short,right,,,7.0,pass,16.0,9.0,1.7510446,5.0,3.0
CHI,8,0.0,1.0,0.0,0.0,0.0,0.0,0.0,0.0,,,left,guard,,run,9.0,,0.65777683,10.0,1.0
CHI,8,0.0,1.0,1.0,1.0,0.0,1.0,0.0,0.0,,,right,guard,,run,5.0,,0.07007993,1.0,2.0
CHI,8,0.0,1.0,0.0,1.0,0.0,0.0,0.0,0.0,,,left,end,,run,8.0,,0.67379045,10.0,1.0
CHI,8,0.0,1.0,1.0,1.0,1.0,1.0,0.0,1.0,,,right,end,,run,5.0,,0.44057772,2.0,2.0
CHI,8,0.0,1.0,1.0,0.0,0.0,0.0,0.0,0.0,,,middle,,,run,-2.0,,-0.7782972,10.0,1.0
CHI,8,1.0,0.0,1.0,0.0,0.0,0.0,0.0,1.0,deep,left,,,,pass,0.0,25.0,-0.37749,12.0,2.0
CHI,8,1.0,0.0,1.0,0.0,0.0,0.0,0.0,1.0,,,,,,pass,-15.0,,-2.586047,12.0,3.0
CHI,8,0.0,1.0,0.0,0.0,0.0,0.0,0.0,0.0,,,right,tackle,,run,3.0,,-0.4564068,10.0,1.0
CHI,8,1.0,0.0,1.0,1.0,0.0,0.0,0.0,1.0,short,right,,,,pass,0.0,13.0,-0.6770707,7.0,2.0
CHI,8,1.0,0.0,1.0,0.0,0.0,0.0,0.0,1.0,short,left,,,,pass,0.0,12.0,-1.1690432,7.0,3.0
CHI,8,0.0,1.0,1.0,0.0,1.0,0.0,0.0,1.0,,,left,end,,run,7.0,,0.344003,10.0,1.0
CHI,8,0.0,1.0,1.0,0.0,0.0,1.0,0.0,0.0,,,left,end,,run,5.0,,0.47289973,3.0,2.0
CHI,8,0.0,1.0,0.0,1.0,0.0,0.0,0.0,0.0,,,left,end,,run,8.0,,0.56789845,10.0,1.0
CHI,8,1.0,0.0,1.0,1.0,0.0,0.0,0.0,1.0,deep,left,,,,pass,0.0,50.0,-0.7118924,2.0,2.0
CHI,8,1.0,0.0,1.0,0.0,0.0,0.0,0.0,1.0,deep,right,,,,pass,0.0,25.0,-1.1461833,12.0,3.0
CHI,8,1.0,0.0,0.0,0.0,0.0,0.0,0.0,1.0,short,right,,,2.0,pass,3.0,1.0,-0.26981002,10.0,1.0
CHI,8,0.0,1.0,1.0,0.0,0.0,1.0,0.0,0.0,,,left,end,,run,56.0,,4.914697,7.0,2.0
CHI,8,1.0,0.0,0.0,0.0,0.0,0.0,0.0,1.0,short,left,,,,pass,0.0,8.0,-0.4653239,10.0,1.0
CHI,8,1.0,0.0,1.0,0.0,0.0,0.0,0.0,1.0,short,left,,,,pass,0.0,-4.0,-0.75217587,10.0,2.0
CHI,8,1.0,0.0,1.0,0.0,0.0,0.0,0.0,1.0,deep,right,,,,pass,0.0,34.0,-1.3367478,10.0,3.0
CHI,8,0.0,1.0,0.0,0.0,0.0,0.0,0.0,0.0,,,middle,,,run,7.0,,0.30046326,10.0,1.0
CHI,8,0.0,1.0,1.0,1.0,0.0,1.0,0.0,0.0,,,right,guard,,run,22.0,,1.3107657,3.0,2.0
CHI,8,1.0,0.0,1.0,0.0,0.0,0.0,0.0,1.0,short,left,,,2.0,pass,9.0,7.0,0.7561082,10.0,1.0
CHI,8,1.0,0.0,1.0,1.0,0.0,0.0,1.0,1.0,short,middle,,,7.0,pass,14.0,7.0,0.6420027,1.0,2.0
CHI,8,0.0,1.0,0.0,1.0,0.0,0.0,0.0,0.0,,,right,end,,run,-2.0,,-0.9033186,10.0,1.0
CHI,8,1.0,0.0,1.0,1.0,0.0,0.0,1.0,1.0,deep,left,,,0.0,pass,27.0,27.0,2.4921782,12.0,2.0
CHI,8,0.0,1.0,1.0,0.0,0.0,0.0,0.0,0.0,,,left,end,,run,0.0,,-0.59312135,8.0,1.0
CHI,8,1.0,0.0,1.0,0.0,0.0,0.0,0.0,1.0,short,left,,,1.0,pass,7.0,6.0,0.970944,8.0,2.0
CHI,8,0.0,1.0,0.0,0.0,0.0,0.0,0.0,0.0,,,,,,run,0.0,,-5.196599,1.0,3.0
CHI,8,0.0,1.0,1.0,0.0,0.0,0.0,0.0,0.0,,,middle,,,run,0.0,,-0.55354464,10.0,1.0
CHI,8,1.0,0.0,1.0,1.0,0.0,0.0,0.0,1.0,deep,right,,,,pass,0.0,27.0,-0.55639535,10.0,2.0
CHI,8,1.0,0.0,1.0,0.0,0.0,0.0,1.0,1.0,short,left,,,7.0,pass,16.0,9.0,1.7265338,10.0,3.0
CHI,8,0.0,1.0,1.0,1.0,0.0,0.0,0.0,0.0,,,left,guard,,run,5.0,,-0.0116783315,10.0,1.0
CHI,8,1.0,0.0,0.0,1.0,0.0,0.0,1.0,1.0,short,right,,,8.0,pass,22.0,14.0,1.7279532,5.0,2.0
CHI,8,0.0,1.0,1.0,0.0,0.0,0.0,0.0,0.0,,,middle,,,run,2.0,,-0.2895729,10.0,1.0
CHI,8,0.0,1.0,1.0,0.0,0.0,0.0,0.0,0.0,,,right,end,,run,3.0,,0.03913258,8.0,2.0
CHI,8,0.0,1.0,1.0,0.0,0.0,0.0,0.0,0.0,,,middle,,,run,2.0,,-1.0132419,5.0,3.0
CHI,8,1.0,0.0,0.0,0.0,0.0,0.0,0.0,1.0,short,left,,,,pass,0.0,1.0,-0.47325137,1.0,1.0
CHI,8,0.0,1.0,0.0,0.0,0.0,1.0,0.0,0.0,,,right,guard,,run,1.0,,1.3126934,1.0,2.0
CHI,8,1.0,0.0,0.0,0.0,0.0,0.0,0.0,1.0,,,,,,pass,2.0,,1.053,0.0,
CHI,9,1.0,0.0,1.0,0.0,0.0,0.0,0.0,1.0,short,left,,,3.0,pass,7.0,4.0,0.39304605,10.0,1.0
CHI,9,0.0,1.0,1.0,1.0,0.0,1.0,0.0,0.0,,,middle,,,run,4.0,,0.45808068,3.0,2.0
CHI,9,1.0,0.0,1.0,1.0,0.0,0.0,0.0,1.0,deep,middle,,,,pass,0.0,27.0,-0.5678839,10.0,1.0
CHI,9,1.0,0.0,1.0,0.0,0.0,0.0,1.0,1.0,short,right,,,3.0,pass,17.0,14.0,1.6154343,10.0,2.0
CHI,9,0.0,1.0,0.0,1.0,0.0,0.0,0.0,0.0,,,middle,,,run,3.0,,-0.31787193,10.0,1.0
CHI,9,1.0,0.0,1.0,0.0,0.0,0.0,0.0,1.0,short,right,,,1.0,pass,15.0,14.0,1.106487,17.0,2.0
CHI,9,1.0,0.0,1.0,1.0,0.0,0.0,1.0,1.0,short,right,,,0.0,pass,4.0,4.0,1.1587687,2.0,3.0
CHI,9,0.0,1.0,1.0,0.0,0.0,0.0,0.0,0.0,,,middle,,,run,-2.0,,-1.0213019,10.0,1.0
CHI,9,1.0,0.0,1.0,0.0,0.0,0.0,0.0,1.0,short,right,,,0.0,pass,4.0,4.0,-0.23735867,12.0,2.0
CHI,9,1.0,0.0,1.0,1.0,0.0,0.0,0.0,1.0,,,,,,pass,-7.0,,-1.7110054,13.0,3.0
CHI,9,0.0,1.0,0.0,0.0,0.0,0.0,0.0,0.0,,,right,tackle,,run,2.0,,-0.5829401,10.0,1.0
CHI,9,1.0,0.0,1.0,0.0,0.0,0.0,0.0,1.0,deep,left,,,,pass,0.0,19.0,-0.7544004,8.0,2.0
CHI,9,1.0,0.0,1.0,0.0,0.0,0.0,0.0,1.0,deep,left,,,,pass,0.0,20.0,-1.298908,8.0,3.0
CHI,9,1.0,0.0,1.0,0.0,0.0,0.0,0.0,1.0,deep,left,,,,pass,0.0,20.0,-0.6035088,10.0,1.0
CHI,9,0.0,1.0,0.0,0.0,0.0,1.0,0.0,0.0,,,middle,,,run,10.0,,1.2233797,10.0,2.0
CHI,9,1.0,0.0,0.0,0.0,0.0,0.0,0.0,1.0,short,right,,,2.0,pass,6.0,4.0,0.040293742,15.0,1.0
CHI,9,0.0,1.0,1.0,1.0,0.0,0.0,0.0,0.0,,,middle,,,run,2.0,,-0.50888443,9.0,2.0
CHI,9,1.0,0.0,1.0,0.0,0.0,0.0,1.0,1.0,deep,left,,,9.0,pass,44.0,35.0,4.2483277,7.0,3.0
CHI,9,0.0,1.0,1.0,1.0,0.0,0.0,0.0,0.0,,,middle,,,run,7.0,,0.3746616,10.0,1.0
CHI,9,1.0,0.0,1.0,1.0,0.0,0.0,0.0,1.0,short,right,,,,pass,0.0,0.0,-0.6785958,3.0,2.0
CHI,9,1.0,0.0,0.0,0.0,0.0,0.0,0.0,1.0,short,right,,,,pass,0.0,6.0,-0.4717753,10.0,1.0
CHI,9,1.0,0.0,1.0,0.0,0.0,0.0,0.0,1.0,short,right,,,,pass,0.0,11.0,-0.7534306,10.0,2.0
CHI,9,1.0,0.0,1.0,0.0,0.0,0.0,0.0,1.0,short,left,,,,pass,0.0,11.0,-1.0592417,10.0,3.0
CHI,9,0.0,1.0,1.0,0.0,0.0,0.0,0.0,0.0,,,middle,,,run,9.0,,0.78755546,10.0,1.0
CHI,9,0.0,1.0,0.0,1.0,0.0,1.0,0.0,0.0,,,middle,,,run,2.0,,-0.03809474,1.0,2.0
CHI,9,1.0,0.0,1.0,0.0,0.0,0.0,0.0,1.0,short,right,,,,pass,0.0,-7.0,-0.48395425,10.0,1.0
CHI,9,0.0,1.0,1.0,1.0,0.0,0.0,0.0,0.0,,,right,tackle,,run,0.0,,-0.7153938,10.0,2.0
CHI,9,1.0,0.0,1.0,1.0,0.0,0.0,0.0,1.0,short,left,,,,pass,0.0,10.0,-1.2034975,10.0,3.0
CHI,9,0.0,1.0,0.0,0.0,0.0,0.0,0.0,0.0,,,right,end,,run,4.0,,-0.1904443,10.0,1.0
CHI,9,1.0,0.0,1.0,0.0,0.0,0.0,1.0,1.0,short,right,,,8.0,pass,7.0,-1.0,0.6704301,6.0,2.0
CHI,9,1.0,0.0,1.0,0.0,0.0,0.0,0.0,1.0,deep,left,,,,pass,0.0,39.0,-0.4170669,10.0,1.0
CHI,9,1.0,0.0,1.0,1.0,0.0,0.0,1.0,1.0,short,middle,,,11.0,pass,16.0,5.0,1.7588359,15.0,2.0
CHI,9,1.0,0.0,1.0,1.0,0.0,0.0,0.0,1.0,short,right,,,,pass,0.0,3.0,-0.39307338,10.0,1.0
CHI,9,1.0,0.0,1.0,0.0,0.0,0.0,1.0,1.0,short,left,,,7.0,pass,11.0,4.0,0.8317657,10.0,2.0
CHI,9,1.0,0.0,1.0,1.0,0.0,0.0,0.0,1.0,,,,,,pass,-4.0,,-0.8319842,10.0,1.0
CHI,9,1.0,0.0,1.0,0.0,0.0,0.0,0.0,1.0,short,right,,,7.0,pass,6.0,-1.0,0.19670983,14.0,2.0
CHI,9,1.0,0.0,1.0,1.0,0.0,0.0,0.0,1.0,short,left,,,,pass,0.0,8.0,-0.8244419,8.0,3.0
CHI,9,0.0,1.0,0.0,0.0,0.0,0.0,0.0,0.0,,,left,end,,run,1.0,,-0.4666297,10.0,1.0
CHI,9,1.0,0.0,1.0,0.0,0.0,0.0,0.0,1.0,,,,,,pass,-7.0,,-1.7807759,9.0,2.0
CHI,9,1.0,0.0,1.0,0.0,0.0,0.0,0.0,1.0,short,middle,,,0.0,pass,11.0,11.0,-0.07701597,16.0,3.0
CHI,9,0.0,1.0,1.0,0.0,0.0,0.0,0.0,0.0,,,left,tackle,,run,-2.0,,-1.0197668,10.0,1.0
CHI,9,1.0,0.0,1.0,0.0,0.0,0.0,1.0,1.0,short,right,,,6.0,pass,17.0,11.0,1.9977728,12.0,2.0
CHI,9,0.0,1.0,1.0,0.0,0.0,0.0,0.0,0.0,,,middle,,,run,3.0,,-0.19205847,10.0,1.0
CHI,9,0.0,1.0,1.0,0.0,1.0,0.0,0.0,1.0,,,right,end,,run,2.0,,-0.5783947,7.0,2.0
CHI,9,0.0,1.0,1.0,0.0,0.0,0.0,0.0,0.0,,,left,end,,run,1.0,,-1.613811,5.0,3.0
CHI,9,1.0,0.0,1.0,0.0,0.0,0.0,1.0,1.0,short,right,,,0.0,pass,6.0,6.0,3.061332,4.0,4.0
CHI,9,1.0,0.0,0.0,0.0,0.0,0.0,0.0,1.0,deep,right,,,,pass,0.0,20.0,-0.54063195,10.0,1.0
CHI,9,1.0,0.0,1.0,0.0,0.0,0.0,0.0,1.0,deep,left,,,,pass,0.0,21.0,-0.8317544,10.0,2.0
CHI,9,1.0,0.0,1.0,0.0,0.0,0.0,0.0,1.0,,,,,,pass,-1.0,,-1.9277118,10.0,3.0
CHI,9,1.0,0.0,1.0,0.0,0.0,0.0,0.0,1.0,,,,,,pass,-16.0,,-3.2361462,11.0,4.0
CHI,9,1.0,0.0,1.0,0.0,0.0,0.0,0.0,1.0,,,,,,pass,-10.0,,-1.5172654,10.0,1.0
CHI,9,0.0,1.0,1.0,0.0,1.0,0.0,0.0,1.0,,,right,end,,run,2.0,,-0.7766248,20.0,2.0
CHI,9,1.0,0.0,1.0,0.0,0.0,0.0,0.0,1.0,short,right,,,9.0,pass,5.0,-4.0,-0.627298,18.0,3.0
CHI,9,0.0,1.0,0.0,0.0,0.0,0.0,0.0,0.0,,,middle,,,run,0.0,,-0.38493788,10.0,1.0
CHI,9,1.0,0.0,1.0,0.0,0.0,0.0,0.0,1.0,short,right,,,0.0,pass,4.0,4.0,-0.16167524,10.0,1.0
CHI,9,1.0,0.0,1.0,1.0,0.0,0.0,0.0,1.0,short,middle,,,3.0,pass,5.0,2.0,0.21979882,6.0,2.0
CHI,9,0.0,1.0,1.0,1.0,0.0,1.0,0.0,0.0,,,middle,,,run,2.0,,0.5239703,1.0,3.0
CHI,9,1.0,0.0,1.0,0.0,0.0,0.0,0.0,1.0,short,right,,,9.0,pass,5.0,-4.0,-0.13211286,10.0,1.0
CHI,9,0.0,1.0,1.0,1.0,0.0,1.0,0.0,0.0,,,middle,,,run,13.0,,1.2335092,5.0,2.0
CHI,9,1.0,0.0,1.0,1.0,0.0,0.0,0.0,1.0,short,right,,,4.0,pass,5.0,1.0,-0.07237075,10.0,1.0
CHI,9,1.0,0.0,1.0,1.0,0.0,0.0,0.0,1.0,deep,left,,,,pass,0.0,19.0,-0.6024016,5.0,2.0
CHI,9,1.0,0.0,1.0,1.0,0.0,0.0,0.0,1.0,short,left,,,,pass,0.0,6.0,-1.4826151,5.0,3.0
CHI,9,1.0,0.0,1.0,0.0,0.0,0.0,0.0,1.0,short,left,,,,pass,0.0,14.0,-2.5905955,5.0,4.0
CHI,9,0.0,1.0,0.0,0.0,0.0,0.0,0.0,0.0,,,right,end,,run,5.0,,-0.24870126,10.0,1.0
CHI,9,1.0,0.0,1.0,0.0,0.0,0.0,1.0,1.0,short,right,,,4.0,pass,13.0,9.0,0.67948866,5.0,2.0
CHI,9,1.0,0.0,1.0,1.0,0.0,0.0,0.0,1.0,short,middle,,,1.0,pass,3.0,2.0,-0.5636865,10.0,1.0
CHI,9,1.0,0.0,1.0,1.0,0.0,0.0,0.0,1.0,short,right,,,,pass,0.0,-8.0,-0.24534227,7.0,2.0
CHI,9,0.0,1.0,1.0,0.0,1.0,0.0,0.0,1.0,,,middle,,,run,2.0,,-0.77051663,7.0,3.0
CHI,9,1.0,0.0,1.0,1.0,0.0,0.0,1.0,1.0,short,middle,,,0.0,pass,6.0,6.0,-0.2109147,5.0,4.0
CHI,10,0.0,1.0,0.0,0.0,0.0,0.0,0.0,0.0,,,left,guard,,run,3.0,,-0.33435935,10.0,1.0
CHI,10,1.0,0.0,0.0,0.0,0.0,0.0,0.0,1.0,,,,,,pass,-3.0,,-1.0918511,7.0,2.0
CHI,10,1.0,0.0,1.0,0.0,0.0,0.0,0.0,1.0,short,right,,,,pass,0.0,7.0,-1.6468878,10.0,3.0
CHI,10,0.0,1.0,0.0,0.0,0.0,0.0,0.0,0.0,,,left,tackle,,run,2.0,,-0.39334583,10.0,1.0
CHI,10,1.0,0.0,1.0,0.0,0.0,0.0,1.0,1.0,short,right,,,0.0,pass,9.0,9.0,1.0430305,8.0,2.0
CHI,10,0.0,1.0,0.0,0.0,0.0,0.0,0.0,0.0,,,left,end,,run,9.0,,0.5666812,10.0,1.0
CHI,10,0.0,1.0,1.0,1.0,0.0,1.0,0.0,0.0,,,left,guard,,run,6.0,,0.1305693,1.0,2.0
CHI,10,0.0,1.0,0.0,1.0,0.0,0.0,0.0,0.0,,,right,end,,run,5.0,,0.112609625,10.0,1.0
CHI,10,0.0,1.0,0.0,1.0,0.0,0.0,0.0,0.0,,,left,tackle,,run,-2.0,,-0.9819016,5.0,2.0
CHI,10,1.0,0.0,1.0,0.0,0.0,0.0,0.0,1.0,,,,,,pass,-8.0,,-2.775092,7.0,3.0
CHI,10,1.0,0.0,1.0,0.0,0.0,0.0,0.0,1.0,short,left,,,0.0,pass,2.0,2.0,-0.49090418,10.0,1.0
CHI,10,0.0,1.0,0.0,0.0,0.0,0.0,0.0,0.0,,,right,guard,,run,5.0,,-0.098468564,8.0,2.0
CHI,10,1.0,0.0,1.0,0.0,0.0,0.0,0.0,1.0,short,right,,,4.0,pass,-2.0,-6.0,-1.9210573,3.0,3.0
CHI,10,1.0,0.0,0.0,0.0,0.0,0.0,1.0,1.0,short,right,,,10.0,pass,11.0,1.0,0.7665779,10.0,1.0
CHI,10,1.0,0.0,1.0,1.0,0.0,0.0,1.0,1.0,short,left,,,5.0,pass,12.0,7.0,0.5078278,10.0,1.0
CHI,10,1.0,0.0,1.0,0.0,0.0,0.0,0.0,1.0,deep,left,,,,pass,0.0,37.0,-0.6882002,15.0,1.0
CHI,10,1.0,0.0,1.0,0.0,0.0,0.0,0.0,1.0,short,middle,,,6.0,pass,11.0,5.0,0.6553495,15.0,2.0
CHI,10,1.0,0.0,1.0,1.0,0.0,0.0,0.0,1.0,short,right,,,,pass,0.0,5.0,-1.3675072,4.0,3.0
CHI,10,0.0,1.0,1.0,0.0,1.0,1.0,0.0,1.0,,,left,guard,,run,5.0,,2.4520369,4.0,4.0
CHI,10,0.0,1.0,0.0,0.0,0.0,0.0,0.0,0.0,,,right,tackle,,run,8.0,,0.6570856,10.0,1.0
CHI,10,0.0,1.0,0.0,1.0,0.0,1.0,0.0,0.0,,,right,end,,run,9.0,,0.40029517,2.0,2.0
CHI,10,0.0,1.0,0.0,1.0,0.0,0.0,0.0,0.0,,,left,guard,,run,-1.0,,-0.8000298,10.0,1.0
CHI,10,0.0,1.0,1.0,0.0,0.0,0.0,0.0,0.0,,,left,guard,,run,0.0,,-0.7068849,11.0,2.0
CHI,10,1.0,0.0,1.0,0.0,0.0,0.0,0.0,1.0,short,right,,,,pass,0.0,8.0,-0.5754214,11.0,3.0
CHI,10,1.0,0.0,1.0,0.0,0.0,0.0,0.0,1.0,short,right,,,,pass,0.0,2.0,-0.20657596,10.0,1.0
CHI,10,0.0,1.0,1.0,0.0,1.0,1.0,0.0,1.0,,,right,guard,,run,10.0,,0.35769865,10.0,2.0
CHI,10,0.0,1.0,1.0,1.0,0.0,0.0,0.0,0.0,,,middle,,,run,-4.0,,-0.761183,10.0,1.0
CHI,10,1.0,0.0,1.0,1.0,0.0,0.0,0.0,1.0,short,right,,,,pass,0.0,11.0,-0.23521283,14.0,2.0
CHI,10,1.0,0.0,1.0,1.0,0.0,0.0,0.0,1.0,short,middle,,,,pass,0.0,9.0,-0.4350871,14.0,3.0
CHI,10,1.0,0.0,1.0,0.0,0.0,0.0,1.0,1.0,short,left,,,10.0,pass,18.0,8.0,1.180186,10.0,1.0
CHI,10,0.0,1.0,0.0,1.0,0.0,0.0,0.0,0.0,,,middle,,,run,5.0,,0.006221799,10.0,1.0
CHI,10,1.0,0.0,0.0,1.0,0.0,0.0,0.0,1.0,,,,,,pass,-3.0,,-1.2514546,5.0,2.0
CHI,10,1.0,0.0,1.0,0.0,0.0,0.0,0.0,1.0,,,,,,pass,0.0,,-1.6997947,8.0,3.0
CHI,10,1.0,0.0,0.0,0.0,0.0,0.0,0.0,1.0,short,right,,,,pass,0.0,1.0,-0.5795263,10.0,1.0
CHI,10,1.0,0.0,1.0,0.0,0.0,0.0,0.0,1.0,short,right,,,0.0,pass,7.0,7.0,0.26263565,10.0,2.0
CHI,10,1.0,0.0,1.0,0.0,0.0,0.0,1.0,1.0,short,middle,,,1.0,pass,6.0,5.0,1.602759,3.0,3.0
CHI,10,0.0,1.0,0.0,0.0,0.0,0.0,0.0,0.0,,,left,end,,run,3.0,,-0.1809167,10.0,1.0
CHI,10,1.0,0.0,1.0,0.0,0.0,0.0,0.0,1.0,short,middle,,,,pass,0.0,12.0,-0.7863352,7.0,2.0
CHI,10,1.0,0.0,1.0,0.0,0.0,0.0,0.0,1.0,,,,,,pass,-9.0,,-2.2891214,7.0,3.0
CHI,10,0.0,1.0,1.0,0.0,0.0,0.0,0.0,0.0,,,right,end,,run,7.0,,0.39127648,10.0,1.0
CHI,10,0.0,1.0,0.0,1.0,0.0,0.0,0.0,0.0,,,right,end,,run,-3.0,,-1.4738108,3.0,2.0
CHI,10,1.0,0.0,1.0,0.0,0.0,0.0,0.0,1.0,short,left,,,,pass,0.0,6.0,-1.4407761,6.0,3.0
CHI,10,0.0,1.0,0.0,0.0,0.0,0.0,0.0,0.0,,,right,guard,,run,4.0,,-0.26855698,10.0,1.0
CHI,10,0.0,1.0,0.0,0.0,0.0,0.0,0.0,0.0,,,left,end,,run,2.0,,-0.42753592,6.0,2.0
CHI,10,1.0,0.0,1.0,0.0,0.0,0.0,0.0,1.0,,,,,,pass,-7.0,,-1.8079537,9.0,3.0
CHI,10,1.0,0.0,1.0,0.0,0.0,0.0,0.0,1.0,,,,,,pass,-6.0,,-1.4221102,10.0,1.0
CHI,10,1.0,0.0,1.0,1.0,0.0,0.0,0.0,1.0,short,right,,,0.0,pass,8.0,8.0,0.3530703,16.0,2.0
CHI,10,1.0,0.0,1.0,1.0,0.0,0.0,0.0,1.0,short,middle,,,4.0,pass,6.0,2.0,-0.6786725,8.0,3.0
CHI,10,1.0,0.0,1.0,1.0,0.0,0.0,1.0,1.0,short,middle,,,1.0,pass,4.0,3.0,2.2987607,2.0,4.0
CHI,10,1.0,0.0,1.0,0.0,0.0,0.0,0.0,1.0,short,middle,,,,pass,0.0,-3.0,-0.45897335,15.0,1.0
CHI,10,1.0,0.0,1.0,1.0,0.0,0.0,0.0,1.0,short,left,,,5.0,pass,10.0,5.0,0.4848494,15.0,2.0
CHI,10,1.0,0.0,1.0,0.0,0.0,0.0,0.0,1.0,short,right,,,,pass,0.0,9.0,-1.5028105,5.0,3.0
CHI,10,1.0,0.0,1.0,0.0,0.0,0.0,0.0,1.0,short,right,,,,pass,0.0,11.0,-2.3590395,10.0,4.0
CHI,10,1.0,0.0,1.0,0.0,0.0,0.0,0.0,1.0,short,left,,,,pass,0.0,0.0,-0.39529243,10.0,1.0
CHI,10,1.0,0.0,1.0,1.0,0.0,0.0,0.0,1.0,short,left,,,0.0,pass,5.0,5.0,-0.15038645,10.0,2.0
CHI,10,1.0,0.0,1.0,0.0,0.0,0.0,0.0,1.0,,,,,,pass,-7.0,,-1.0484445,10.0,1.0
CHI,10,1.0,0.0,1.0,1.0,0.0,0.0,0.0,1.0,,,,,,pass,-8.0,,-0.8428136,17.0,2.0
CHI,10,1.0,0.0,1.0,1.0,0.0,0.0,0.0,1.0,short,middle,,,2.0,pass,5.0,3.0,-0.25873023,25.0,3.0
CHI,10,1.0,0.0,1.0,0.0,0.0,0.0,0.0,1.0,short,right,,,0.0,pass,8.0,8.0,-1.1064754,20.0,4.0
CHI,11,0.0,1.0,1.0,0.0,0.0,0.0,0.0,0.0,,,middle,,,run,2.0,,-0.40976048,10.0,1.0
CHI,11,1.0,0.0,0.0,0.0,0.0,0.0,0.0,1.0,short,right,,,,pass,0.0,7.0,-0.7802147,8.0,2.0
CHI,11,0.0,1.0,1.0,0.0,1.0,1.0,0.0,1.0,,,left,end,,run,16.0,,2.3331378,8.0,3.0
CHI,11,1.0,0.0,1.0,0.0,0.0,0.0,1.0,1.0,short,left,,,19.0,pass,16.0,-3.0,0.9283623,10.0,1.0
CHI,11,0.0,1.0,0.0,0.0,0.0,0.0,0.0,0.0,,,left,tackle,,run,3.0,,-0.16429842,10.0,1.0
CHI,11,0.0,1.0,0.0,0.0,0.0,0.0,0.0,0.0,,,middle,,,run,-3.0,,-1.0969507,7.0,2.0
CHI,11,1.0,0.0,1.0,0.0,0.0,0.0,0.0,1.0,short,left,,,,pass,0.0,10.0,-1.9165398,10.0,3.0
CHI,11,0.0,1.0,1.0,0.0,0.0,0.0,0.0,0.0,,,middle,,,run,3.0,,-0.49859416,10.0,1.0
CHI,11,1.0,0.0,1.0,0.0,0.0,0.0,0.0,1.0,short,left,,,3.0,pass,5.0,2.0,0.055225853,7.0,2.0
CHI,11,1.0,0.0,1.0,0.0,0.0,0.0,1.0,1.0,short,middle,,,10.0,pass,13.0,3.0,1.6144017,2.0,3.0
CHI,11,0.0,1.0,0.0,1.0,1.0,0.0,0.0,1.0,,,left,end,,run,5.0,,0.042384245,10.0,1.0
CHI,11,1.0,0.0,1.0,0.0,0.0,0.0,1.0,1.0,short,middle,,,9.0,pass,5.0,-4.0,0.68437344,5.0,2.0
CHI,11,1.0,0.0,1.0,0.0,0.0,0.0,0.0,1.0,short,left,,,3.0,pass,7.0,4.0,0.13202761,15.0,1.0
CHI,11,0.0,1.0,1.0,1.0,0.0,0.0,0.0,0.0,,,left,end,,run,7.0,,2.1281552,13.0,2.0
CHI,11,1.0,0.0,0.0,0.0,0.0,0.0,0.0,1.0,short,right,,,,pass,0.0,-3.0,-0.48690292,10.0,1.0
CHI,11,1.0,0.0,0.0,0.0,0.0,0.0,0.0,1.0,,,,,,pass,-10.0,,-1.8958788,10.0,2.0
CHI,11,1.0,0.0,1.0,0.0,0.0,0.0,0.0,1.0,short,middle,,,9.0,pass,11.0,2.0,-0.6779456,20.0,3.0
CHI,11,0.0,1.0,0.0,0.0,0.0,0.0,0.0,0.0,,,right,guard,,run,2.0,,-0.37213108,10.0,1.0
CHI,11,1.0,0.0,1.0,0.0,0.0,0.0,1.0,1.0,short,right,,,10.0,pass,11.0,1.0,1.3375733,8.0,2.0
CHI,11,0.0,1.0,0.0,0.0,0.0,0.0,0.0,0.0,,,right,tackle,,run,0.0,,-0.5896258,10.0,1.0
CHI,11,1.0,0.0,1.0,0.0,0.0,0.0,0.0,1.0,short,middle,,,1.0,pass,5.0,4.0,-0.1941636,10.0,2.0
CHI,11,0.0,1.0,1.0,1.0,1.0,1.0,0.0,1.0,,,left,end,,run,13.0,,1.700246,5.0,3.0
CHI,11,0.0,1.0,0.0,0.0,0.0,0.0,0.0,0.0,,,right,end,,run,5.0,,0.14494704,10.0,1.0
CHI,11,0.0,1.0,1.0,0.0,0.0,0.0,0.0,0.0,,,right,guard,,run,4.0,,0.16032809,5.0,2.0
CHI,11,0.0,1.0,1.0,0.0,0.0,1.0,0.0,0.0,,,right,end,,run,7.0,,0.6541904,1.0,3.0
CHI,11,0.0,1.0,1.0,0.0,1.0,1.0,0.0,1.0,,,middle,,,run,12.0,,0.83895725,10.0,1.0
CHI,11,1.0,0.0,1.0,0.0,0.0,0.0,1.0,1.0,short,right,,,15.0,pass,12.0,-3.0,0.9737047,10.0,1.0
CHI,11,0.0,1.0,0.0,0.0,0.0,0.0,0.0,0.0,,,right,guard,,run,2.0,,-0.53704506,5.0,1.0
CHI,11,0.0,1.0,0.0,0.0,0.0,0.0,0.0,0.0,,,right,tackle,,run,2.0,,-0.83095086,3.0,2.0
CHI,11,0.0,1.0,0.0,0.0,0.0,1.0,0.0,0.0,,,left,guard,,run,1.0,,2.9958563,1.0,3.0
CHI,11,0.0,1.0,0.0,0.0,0.0,1.0,0.0,0.0,,,left,end,,run,14.0,,0.9308803,10.0,1.0
CHI,11,1.0,0.0,1.0,0.0,0.0,0.0,1.0,1.0,deep,left,,,3.0,pass,25.0,22.0,1.5024091,10.0,1.0
CHI,11,0.0,1.0,0.0,1.0,0.0,0.0,0.0,0.0,,,right,tackle,,run,1.0,,-0.39557716,10.0,1.0
CHI,11,1.0,0.0,1.0,0.0,0.0,0.0,0.0,1.0,deep,right,,,,pass,0.0,19.0,-0.73100424,9.0,2.0
CHI,11,1.0,0.0,1.0,0.0,0.0,0.0,0.0,1.0,short,left,,,3.0,pass,7.0,4.0,-0.24617842,9.0,3.0
CHI,11,1.0,0.0,1.0,0.0,0.0,0.0,1.0,1.0,short,right,,,6.0,pass,8.0,2.0,2.3629718,2.0,4.0
CHI,11,0.0,1.0,1.0,1.0,0.0,0.0,0.0,0.0,,,middle,,,run,6.0,,0.0486857,10.0,1.0
CHI,11,0.0,1.0,1.0,0.0,0.0,0.0,0.0,0.0,,,right,guard,,run,0.0,,-0.7603779,4.0,2.0
CHI,11,1.0,0.0,1.0,0.0,0.0,0.0,0.0,1.0,short,left,,,,pass,0.0,9.0,-1.6144773,4.0,3.0
CHI,11,0.0,1.0,0.0,0.0,1.0,0.0,0.0,1.0,,,right,end,,run,3.0,,-0.0815734,10.0,1.0
CHI,11,0.0,1.0,1.0,1.0,0.0,0.0,0.0,0.0,,,left,end,,run,3.0,,-0.3106786,7.0,2.0
CHI,11,1.0,0.0,1.0,0.0,0.0,0.0,1.0,1.0,short,right,,,4.0,pass,8.0,4.0,1.613811,4.0,3.0
CHI,11,0.0,1.0,0.0,1.0,0.0,0.0,0.0,0.0,,,left,guard,,run,7.0,,0.29655367,10.0,1.0
CHI,11,0.0,1.0,0.0,1.0,0.0,1.0,0.0,0.0,,,right,guard,,run,5.0,,0.40955386,3.0,2.0
CHI,11,1.0,0.0,0.0,0.0,0.0,0.0,0.0,1.0,deep,right,,,,pass,0.0,23.0,-0.5164043,10.0,1.0
CHI,11,1.0,0.0,0.0,0.0,0.0,0.0,0.0,1.0,short,left,,,12.0,pass,8.0,-4.0,0.22307615,10.0,2.0
CHI,11,0.0,1.0,1.0,1.0,0.0,0.0,0.0,0.0,,,left,guard,,run,1.0,,-1.294759,2.0,3.0
CHI,11,0.0,1.0,1.0,0.0,0.0,1.0,0.0,0.0,,,left,tackle,,run,4.0,,2.2903528,1.0,4.0
CHI,11,1.0,0.0,1.0,1.0,0.0,0.0,0.0,1.0,short,left,,,0.0,pass,5.0,5.0,-0.41619503,20.0,1.0
CHI,11,0.0,1.0,0.0,0.0,0.0,1.0,0.0,0.0,,,left,end,,run,39.0,,4.0474877,10.0,2.0
CHI,11,1.0,0.0,0.0,0.0,0.0,0.0,0.0,1.0,,,,,,pass,0.0,,-0.947,0.0,
CHI,11,0.0,1.0,0.0,0.0,0.0,0.0,0.0,0.0,,,right,tackle,,run,3.0,,-0.2841706,10.0,1.0
CHI,11,1.0,0.0,1.0,1.0,0.0,0.0,0.0,1.0,short,right,,,1.0,pass,6.0,5.0,0.37797546,7.0,2.0
CHI,11,0.0,1.0,1.0,0.0,0.0,1.0,0.0,0.0,,,right,guard,,run,1.0,,0.29495674,1.0,3.0
CHI,11,1.0,0.0,1.0,1.0,0.0,0.0,0.0,1.0,deep,right,,,,pass,0.0,32.0,-0.5234923,10.0,1.0
CHI,11,0.0,1.0,1.0,0.0,0.0,0.0,0.0,0.0,,,right,guard,,run,1.0,,-0.64471966,10.0,2.0
CHI,11,1.0,0.0,1.0,0.0,0.0,0.0,1.0,1.0,short,left,,,7.0,pass,17.0,10.0,2.27216,9.0,3.0
CHI,11,0.0,1.0,0.0,1.0,0.0,0.0,0.0,0.0,,,right,tackle,,run,6.0,,0.024999043,10.0,1.0
CHI,11,0.0,1.0,0.0,0.0,0.0,0.0,0.0,0.0,,,left,end,,run,2.0,,-0.4819726,4.0,2.0
CHI,11,1.0,0.0,1.0,0.0,0.0,0.0,1.0,1.0,short,left,,,0.0,pass,6.0,6.0,0.9692703,2.0,3.0
CHI,11,1.0,0.0,1.0,1.0,0.0,0.0,0.0,1.0,short,left,,,4.0,pass,2.0,-2.0,-0.52418023,10.0,1.0
CHI,11,1.0,0.0,1.0,0.0,0.0,0.0,0.0,1.0,short,left,,,,pass,0.0,4.0,-0.6747037,8.0,2.0
CHI,11,1.0,0.0,1.0,0.0,0.0,0.0,0.0,1.0,short,right,,,0.0,pass,5.0,5.0,-0.7455468,8.0,3.0
CHI,11,1.0,0.0,1.0,0.0,0.0,0.0,0.0,1.0,,,,,,pass,-1.0,,-0.560845,10.0,1.0
CHI,11,1.0,0.0,1.0,1.0,0.0,0.0,0.0,1.0,,,,,,pass,-8.0,,-0.7203624,11.0,2.0
CHI,11,1.0,0.0,1.0,0.0,0.0,0.0,0.0,1.0,deep,right,,,0.0,pass,16.0,16.0,0.106102355,19.0,3.0
CHI,11,1.0,0.0,1.0,1.0,0.0,0.0,1.0,1.0,deep,right,,,1.0,pass,21.0,20.0,2.1735806,3.0,4.0
CHI,11,1.0,0.0,1.0,1.0,0.0,0.0,1.0,1.0,short,left,,,0.0,pass,12.0,12.0,0.038353875,10.0,1.0
CHI,11,0.0,1.0,1.0,0.0,0.0,0.0,0.0,0.0,,,middle,,,run,2.0,,0.04662722,10.0,1.0
CHI,12,1.0,0.0,1.0,1.0,0.0,0.0,0.0,1.0,short,right,,,5.0,pass,10.0,5.0,0.6032138,20.0,1.0
CHI,12,0.0,1.0,0.0,0.0,0.0,0.0,0.0,0.0,,,left,end,,run,5.0,,-0.3271321,10.0,2.0
CHI,12,1.0,0.0,1.0,0.0,0.0,0.0,0.0,1.0,short,right,,,,pass,0.0,0.0,-1.442754,5.0,3.0
CHI,12,0.0,1.0,0.0,0.0,0.0,0.0,0.0,0.0,,,right,guard,,run,2.0,,-0.38735715,10.0,1.0
CHI,12,1.0,0.0,1.0,0.0,0.0,0.0,0.0,1.0,deep,right,,,,pass,0.0,16.0,-0.7049779,8.0,2.0
CHI,12,0.0,1.0,1.0,0.0,1.0,1.0,0.0,1.0,,,left,end,,run,9.0,,1.680313,8.0,3.0
CHI,12,1.0,0.0,1.0,0.0,0.0,0.0,0.0,1.0,short,right,,,11.0,pass,6.0,-5.0,0.13180034,10.0,1.0
CHI,12,0.0,1.0,1.0,1.0,0.0,1.0,0.0,0.0,,,right,end,,run,13.0,,1.2382668,4.0,2.0
CHI,12,0.0,1.0,0.0,0.0,0.0,0.0,0.0,0.0,,,right,end,,run,-1.0,,-0.8687872,10.0,1.0
CHI,12,1.0,0.0,1.0,1.0,0.0,0.0,0.0,1.0,short,middle,,,,pass,0.0,6.0,-0.83738124,11.0,2.0
CHI,12,1.0,0.0,1.0,0.0,0.0,0.0,0.0,1.0,short,left,,,0.0,pass,-4.0,-4.0,-1.5478437,11.0,3.0
CHI,12,1.0,0.0,1.0,0.0,0.0,0.0,1.0,1.0,deep,right,,,23.0,pass,40.0,17.0,2.6889966,10.0,1.0
CHI,12,0.0,1.0,0.0,0.0,0.0,0.0,0.0,0.0,,,right,guard,,run,-2.0,,-0.9990032,10.0,1.0
CHI,12,1.0,0.0,1.0,0.0,0.0,0.0,1.0,1.0,deep,right,,,5.0,pass,30.0,25.0,2.597507,12.0,2.0
CHI,12,1.0,0.0,1.0,0.0,0.0,0.0,0.0,1.0,,,,,,pass,-1.0,,-0.7698819,10.0,1.0
CHI,12,1.0,0.0,1.0,0.0,0.0,0.0,0.0,1.0,short,left,,,15.0,pass,10.0,-5.0,1.2477226,11.0,2.0
CHI,12,0.0,1.0,0.0,0.0,0.0,1.0,0.0,0.0,,,right,guard,,run,1.0,,0.7765366,1.0,3.0
CHI,12,0.0,1.0,0.0,0.0,0.0,1.0,0.0,0.0,,,right,tackle,,run,1.0,,0.51000255,1.0,1.0
CHI,12,0.0,1.0,0.0,0.0,0.0,0.0,0.0,0.0,,,right,end,,run,0.0,,-0.56143224,10.0,1.0
CHI,12,0.0,1.0,0.0,1.0,0.0,0.0,0.0,0.0,,,left,end,,run,-1.0,,-0.96702397,10.0,2.0
CHI,12,1.0,0.0,1.0,0.0,0.0,0.0,1.0,1.0,deep,middle,,,4.0,pass,25.0,21.0,2.9435825,11.0,3.0
CHI,12,1.0,0.0,1.0,0.0,0.0,0.0,0.0,1.0,short,right,,,1.0,pass,2.0,1.0,-0.4489487,10.0,1.0
CHI,12,0.0,1.0,0.0,0.0,0.0,0.0,0.0,0.0,,,left,guard,,run,1.0,,-0.71003205,8.0,2.0
CHI,12,1.0,0.0,1.0,0.0,0.0,0.0,1.0,1.0,short,right,,,3.0,pass,7.0,4.0,1.8351548,7.0,3.0
CHI,12,0.0,1.0,0.0,0.0,1.0,0.0,0.0,1.0,,,right,end,,run,2.0,,-0.48184997,10.0,1.0
CHI,12,0.0,1.0,1.0,0.0,0.0,0.0,0.0,0.0,,,right,guard,,run,4.0,,-0.012878873,8.0,2.0
CHI,12,1.0,0.0,1.0,0.0,0.0,0.0,0.0,1.0,deep,left,,,,pass,0.0,24.0,-1.5780479,4.0,3.0
CHI,12,0.0,1.0,0.0,0.0,0.0,0.0,0.0,0.0,,,middle,,,run,8.0,,0.4269841,10.0,1.0
CHI,12,1.0,0.0,1.0,0.0,0.0,0.0,0.0,1.0,,,,,,pass,-7.0,,-1.618448,2.0,2.0
CHI,12,1.0,0.0,1.0,0.0,0.0,0.0,0.0,1.0,deep,middle,,,,pass,0.0,17.0,-1.25935,9.0,3.0
CHI,12,1.0,0.0,1.0,0.0,0.0,0.0,0.0,1.0,short,left,,,9.0,pass,3.0,-6.0,-0.19606555,10.0,1.0
CHI,12,0.0,1.0,0.0,0.0,0.0,0.0,0.0,0.0,,,left,guard,,run,4.0,,-0.044271827,7.0,2.0
CHI,12,1.0,0.0,1.0,0.0,0.0,0.0,1.0,1.0,short,middle,,,1.0,pass,6.0,5.0,1.0296361,3.0,3.0
CHI,12,1.0,0.0,1.0,0.0,0.0,0.0,1.0,1.0,short,left,,,16.0,pass,12.0,-4.0,0.3165908,10.0,1.0
CHI,12,1.0,0.0,1.0,1.0,0.0,0.0,0.0,1.0,short,right,,,0.0,pass,6.0,6.0,0.19928254,10.0,1.0
CHI,12,1.0,0.0,1.0,0.0,0.0,0.0,1.0,1.0,short,left,,,8.0,pass,14.0,6.0,0.75357723,4.0,2.0
CHI,12,1.0,0.0,1.0,0.0,0.0,0.0,0.0,1.0,short,left,,,0.0,pass,3.0,3.0,-0.27909413,15.0,1.0
CHI,12,1.0,0.0,1.0,1.0,0.0,0.0,0.0,1.0,deep,middle,,,,pass,0.0,22.0,-0.34805053,12.0,2.0
CHI,12,1.0,0.0,1.0,0.0,0.0,0.0,0.0,1.0,short,right,,,6.0,pass,6.0,0.0,0.40910816,12.0,3.0
CHI,12,1.0,0.0,0.0,0.0,0.0,0.0,1.0,1.0,short,left,,,37.0,pass,37.0,0.0,2.4898922,10.0,1.0
CHI,12,1.0,0.0,1.0,0.0,0.0,0.0,0.0,1.0,deep,right,,,,pass,0.0,33.0,-0.44727218,10.0,1.0
CHI,12,0.0,1.0,0.0,0.0,0.0,0.0,0.0,0.0,,,right,tackle,,run,1.0,,-0.7061715,10.0,2.0
CHI,12,1.0,0.0,1.0,0.0,0.0,0.0,0.0,1.0,short,right,,,0.0,pass,5.0,5.0,-0.7475552,9.0,3.0
CHI,12,1.0,0.0,1.0,0.0,0.0,0.0,0.0,1.0,short,left,,,,pass,0.0,4.0,-3.4267488,4.0,4.0
CHI,12,0.0,1.0,0.0,0.0,0.0,0.0,0.0,0.0,,,right,tackle,,run,7.0,,0.33823243,10.0,1.0
CHI,12,1.0,0.0,0.0,0.0,0.0,0.0,0.0,1.0,short,left,,,,pass,0.0,0.0,-0.86898607,3.0,2.0
CHI,12,1.0,0.0,1.0,0.0,0.0,0.0,0.0,1.0,short,right,,,,pass,0.0,5.0,-1.6521882,3.0,3.0
CHI,12,0.0,1.0,1.0,0.0,0.0,0.0,0.0,0.0,,,left,guard,,run,2.0,,-0.4132921,10.0,1.0
CHI,12,1.0,0.0,1.0,0.0,0.0,0.0,0.0,1.0,short,left,,,5.0,pass,2.0,-3.0,-0.6281685,8.0,2.0
CHI,12,1.0,0.0,1.0,0.0,0.0,0.0,0.0,1.0,short,right,,,,pass,0.0,4.0,-1.2606027,6.0,3.0
CHI,12,0.0,1.0,1.0,0.0,0.0,0.0,0.0,0.0,,,right,end,,run,4.0,,-0.21633436,10.0,1.0
CHI,12,0.0,1.0,1.0,1.0,1.0,1.0,0.0,1.0,,,right,guard,,run,10.0,,1.0303277,6.0,2.0
CHI,12,1.0,0.0,1.0,1.0,0.0,0.0,0.0,1.0,short,right,,,0.0,pass,4.0,4.0,-0.24636301,10.0,1.0
CHI,12,1.0,0.0,1.0,0.0,0.0,0.0,1.0,1.0,deep,right,,,1.0,pass,20.0,19.0,1.6449897,6.0,2.0
CHI,12,1.0,0.0,1.0,1.0,0.0,0.0,0.0,1.0,short,middle,,,4.0,pass,8.0,4.0,0.60724205,10.0,1.0
CHI,12,1.0,0.0,1.0,1.0,0.0,0.0,0.0,1.0,short,right,,,,pass,0.0,5.0,-0.59183,2.0,2.0
CHI,12,1.0,0.0,1.0,0.0,0.0,0.0,0.0,1.0,short,left,,,-1.0,pass,-2.0,-1.0,-1.5382928,2.0,3.0
CHI,12,0.0,1.0,1.0,0.0,1.0,1.0,0.0,1.0,,,right,end,,run,7.0,,2.2551506,4.0,4.0
CHI,12,1.0,0.0,1.0,0.0,0.0,0.0,0.0,1.0,short,left,,,6.0,pass,3.0,-3.0,-0.298373,10.0,1.0
CHI,12,1.0,0.0,1.0,1.0,0.0,0.0,1.0,1.0,short,left,,,12.0,pass,10.0,-2.0,2.4426959,7.0,2.0
CHI,12,1.0,0.0,0.0,0.0,0.0,0.0,0.0,1.0,,,,,,pass,0.0,,-0.947,0.0,
CHI,12,1.0,0.0,1.0,0.0,0.0,0.0,0.0,1.0,short,left,,,2.0,pass,7.0,5.0,0.44733492,10.0,1.0
CHI,12,1.0,0.0,1.0,0.0,0.0,0.0,0.0,1.0,deep,left,,,,pass,0.0,24.0,-0.38893834,3.0,2.0
CHI,12,1.0,0.0,1.0,1.0,0.0,0.0,0.0,1.0,deep,right,,,,pass,0.0,26.0,-1.0023398,3.0,3.0
CHI,12,1.0,0.0,1.0,0.0,0.0,0.0,1.0,1.0,short,middle,,,0.0,pass,14.0,14.0,2.303891,3.0,4.0
CHI,12,1.0,0.0,1.0,1.0,0.0,0.0,0.0,1.0,deep,right,,,,pass,0.0,19.0,-0.370539,10.0,1.0
CHI,12,1.0,0.0,1.0,1.0,0.0,0.0,0.0,1.0,short,right,,,0.0,pass,8.0,8.0,0.4528998,10.0,2.0
CHI,12,1.0,0.0,1.0,1.0,0.0,0.0,1.0,1.0,short,right,,,5.0,pass,10.0,5.0,2.009398,2.0,3.0
CHI,12,1.0,0.0,1.0,1.0,0.0,0.0,1.0,1.0,short,right,,,0.0,pass,1.0,1.0,1.1165558,1.0,1.0
CHI,12,1.0,0.0,0.0,0.0,0.0,0.0,0.0,1.0,,,,,,pass,2.0,,1.053,0.0,
CHI,12,1.0,0.0,1.0,0.0,0.0,0.0,1.0,1.0,deep,middle,,,2.0,pass,27.0,25.0,1.0355482,10.0,1.0
CHI,12,0.0,1.0,1.0,0.0,1.0,0.0,0.0,1.0,,,right,guard,,run,1.0,,-0.5592342,10.0,1.0
CHI,12,1.0,0.0,1.0,0.0,0.0,0.0,0.0,1.0,,,,,,pass,-12.0,,-1.6763442,9.0,2.0
CHI,12,1.0,0.0,1.0,0.0,0.0,0.0,0.0,1.0,short,middle,,,3.0,pass,10.0,7.0,0.22248986,26.0,3.0
CHI,13,1.0,0.0,0.0,0.0,0.0,0.0,0.0,1.0,short,middle,,,4.0,pass,6.0,2.0,0.2735275,10.0,1.0
CHI,13,0.0,1.0,0.0,0.0,0.0,0.0,0.0,0.0,,,left,tackle,,run,-1.0,,-1.1882935,4.0,2.0
CHI,13,1.0,0.0,1.0,0.0,0.0,0.0,0.0,1.0,deep,right,,,,pass,0.0,23.0,-1.4242667,5.0,3.0
CHI,13,0.0,1.0,0.0,0.0,0.0,0.0,0.0,0.0,,,left,end,,run,6.0,,0.27163556,10.0,1.0
CHI,13,1.0,0.0,1.0,0.0,0.0,0.0,0.0,1.0,short,right,,,3.0,pass,0.0,-3.0,-0.91515684,4.0,2.0
CHI,13,1.0,0.0,1.0,0.0,0.0,0.0,0.0,1.0,deep,left,,,,pass,0.0,34.0,-1.110909,14.0,3.0
CHI,13,0.0,1.0,0.0,0.0,0.0,0.0,0.0,0.0,,,middle,,,run,4.0,,-0.25527343,10.0,1.0
CHI,13,1.0,0.0,0.0,0.0,0.0,0.0,0.0,1.0,deep,right,,,,pass,0.0,19.0,-0.6834245,6.0,2.0
CHI,13,1.0,0.0,1.0,0.0,0.0,0.0,0.0,1.0,deep,left,,,,pass,0.0,17.0,-1.4102491,6.0,3.0
CHI,13,1.0,0.0,1.0,0.0,0.0,0.0,0.0,1.0,short,middle,,,2.0,pass,7.0,5.0,0.1321626,10.0,1.0
CHI,13,1.0,0.0,1.0,0.0,0.0,0.0,0.0,1.0,short,left,,,,pass,0.0,13.0,-0.5780705,13.0,2.0
CHI,13,0.0,1.0,1.0,0.0,1.0,0.0,0.0,1.0,,,left,end,,run,10.0,,-0.35031438,13.0,3.0
CHI,13,1.0,0.0,1.0,0.0,0.0,0.0,0.0,1.0,deep,right,,,,pass,0.0,18.0,-2.8714287,3.0,4.0
CHI,13,1.0,0.0,1.0,0.0,0.0,0.0,1.0,1.0,short,middle,,,1.0,pass,14.0,13.0,-0.006437124,10.0,1.0
CHI,13,1.0,0.0,1.0,1.0,0.0,0.0,0.0,1.0,deep,right,,,,pass,0.0,41.0,-0.08912216,10.0,1.0
CHI,13,1.0,0.0,1.0,0.0,0.0,0.0,0.0,1.0,short,middle,,,2.0,pass,7.0,5.0,-0.122267246,10.0,1.0
CHI,13,1.0,0.0,1.0,0.0,0.0,0.0,0.0,1.0,deep,right,,,,pass,0.0,29.0,-0.09497762,3.0,3.0
CHI,13,1.0,0.0,1.0,0.0,0.0,0.0,0.0,1.0,deep,right,,,,pass,0.0,37.0,-0.056423914,3.0,4.0
CHI,13,0.0,1.0,0.0,0.0,0.0,0.0,0.0,0.0,,,middle,,,run,4.0,,-0.112088874,10.0,1.0
CHI,13,0.0,1.0,0.0,0.0,0.0,0.0,0.0,0.0,,,left,end,,run,5.0,,0.26599333,6.0,2.0
CHI,13,0.0,1.0,1.0,0.0,0.0,1.0,0.0,0.0,,,right,tackle,,run,5.0,,0.7537225,1.0,3.0
CHI,13,1.0,0.0,0.0,0.0,0.0,0.0,0.0,1.0,,,,,,pass,-4.0,,-1.1326994,10.0,1.0
CHI,13,1.0,0.0,1.0,0.0,0.0,0.0,0.0,1.0,short,middle,,,,pass,0.0,9.0,-0.9459854,14.0,2.0
CHI,13,1.0,0.0,1.0,0.0,0.0,0.0,1.0,1.0,deep,left,,,0.0,pass,18.0,18.0,3.077844,14.0,3.0
CHI,13,1.0,0.0,1.0,1.0,0.0,0.0,0.0,1.0,short,left,,,1.0,pass,6.0,5.0,0.19962779,10.0,1.0
CHI,13,0.0,1.0,0.0,0.0,1.0,1.0,0.0,1.0,,,right,end,,run,9.0,,0.7975404,4.0,2.0
CHI,13,1.0,0.0,1.0,0.0,0.0,0.0,1.0,1.0,deep,middle,,,8.0,pass,31.0,23.0,3.0181832,10.0,1.0
CHI,13,1.0,0.0,1.0,0.0,0.0,0.0,1.0,1.0,deep,left,,,2.0,pass,19.0,17.0,1.2393442,10.0,1.0
CHI,13,1.0,0.0,1.0,0.0,0.0,0.0,1.0,1.0,short,left,,,37.0,pass,29.0,-8.0,2.0308669,10.0,1.0
CHI,13,0.0,1.0,0.0,0.0,0.0,0.0,0.0,0.0,,,right,tackle,,run,-2.0,,-0.8759673,10.0,1.0
CHI,13,0.0,1.0,0.0,0.0,0.0,0.0,0.0,0.0,,,right,end,,run,4.0,,-0.042382438,10.0,1.0
CHI,13,1.0,0.0,1.0,1.0,0.0,0.0,0.0,1.0,short,right,,,,pass,0.0,13.0,-0.7591304,6.0,2.0
CHI,13,1.0,0.0,1.0,0.0,0.0,0.0,1.0,1.0,short,right,,,0.0,pass,6.0,6.0,1.3223561,6.0,3.0
CHI,13,1.0,0.0,1.0,0.0,0.0,0.0,0.0,1.0,short,middle,,,3.0,pass,0.0,-3.0,-0.5854066,9.0,1.0
CHI,13,1.0,0.0,1.0,0.0,0.0,0.0,1.0,1.0,short,middle,,,3.0,pass,9.0,6.0,2.3062081,9.0,2.0
CHI,13,1.0,0.0,0.0,0.0,0.0,0.0,0.0,1.0,,,,,,pass,0.0,,-0.947,0.0,
CHI,13,0.0,1.0,0.0,0.0,0.0,0.0,0.0,0.0,,,middle,,,run,3.0,,-0.32641643,10.0,1.0
CHI,13,1.0,0.0,1.0,0.0,0.0,0.0,0.0,1.0,,,,,,pass,-11.0,,-2.1418593,7.0,2.0
CHI,13,1.0,0.0,1.0,0.0,0.0,0.0,0.0,1.0,deep,middle,,,,pass,0.0,18.0,-0.88568515,18.0,3.0
CHI,13,0.0,1.0,0.0,0.0,0.0,0.0,0.0,0.0,,,right,end,,run,-1.0,,-0.7346274,10.0,1.0
CHI,13,0.0,1.0,1.0,1.0,1.0,0.0,0.0,1.0,,,middle,,,run,7.0,,0.41844246,11.0,2.0
CHI,13,1.0,0.0,1.0,0.0,0.0,0.0,1.0,1.0,short,left,,,0.0,pass,5.0,5.0,1.1794394,4.0,3.0
CHI,13,1.0,0.0,1.0,1.0,0.0,0.0,0.0,1.0,deep,middle,,,,pass,0.0,18.0,-0.5011305,10.0,1.0
CHI,13,1.0,0.0,1.0,0.0,0.0,0.0,1.0,1.0,short,right,,,7.0,pass,14.0,7.0,1.3916241,10.0,2.0
CHI,13,1.0,0.0,1.0,0.0,0.0,0.0,0.0,1.0,deep,right,,,,pass,0.0,19.0,-0.4773426,10.0,1.0
CHI,13,1.0,0.0,1.0,0.0,0.0,0.0,0.0,1.0,short,left,,,3.0,pass,9.0,6.0,0.58044654,10.0,2.0
CHI,13,1.0,0.0,1.0,1.0,0.0,0.0,1.0,1.0,deep,left,,,1.0,pass,31.0,30.0,3.4335244,1.0,3.0
CHI,13,1.0,0.0,1.0,0.0,0.0,0.0,0.0,1.0,short,right,,,1.0,pass,6.0,5.0,0.019038038,10.0,1.0
CHI,13,1.0,0.0,1.0,0.0,0.0,0.0,0.0,1.0,short,middle,,,,pass,0.0,9.0,-0.589629,7.0,2.0
CHI,13,1.0,0.0,1.0,0.0,0.0,0.0,1.0,1.0,short,middle,,,21.0,pass,25.0,4.0,2.5071776,7.0,3.0
CHI,13,1.0,0.0,1.0,0.0,0.0,0.0,0.0,1.0,,,,,,pass,-5.0,,-1.1117896,10.0,1.0
CHI,13,1.0,0.0,1.0,1.0,0.0,0.0,0.0,1.0,short,left,,,2.0,pass,14.0,12.0,1.1647696,15.0,2.0
CHI,13,0.0,1.0,0.0,0.0,0.0,1.0,0.0,0.0,,,middle,,,run,12.0,,1.1282532,1.0,3.0
CHI,13,1.0,0.0,1.0,0.0,0.0,0.0,0.0,1.0,,,,,,pass,-7.0,,-1.1728069,10.0,1.0
CHI,13,0.0,1.0,1.0,1.0,1.0,0.0,0.0,1.0,,,middle,,,run,13.0,,0.96859217,17.0,2.0
CHI,13,1.0,0.0,1.0,0.0,0.0,0.0,0.0,1.0,short,middle,,,,pass,0.0,9.0,-1.6269716,4.0,3.0
CHI,13,1.0,0.0,1.0,0.0,0.0,0.0,0.0,1.0,short,middle,,,,pass,0.0,5.0,-0.32495898,10.0,1.0
CHI,13,1.0,0.0,1.0,0.0,0.0,0.0,0.0,1.0,,,,,,pass,-6.0,,-1.5647727,20.0,2.0
CHI,13,1.0,0.0,1.0,1.0,0.0,0.0,0.0,1.0,deep,right,,,,pass,0.0,38.0,-1.0108255,26.0,3.0
CHI,14,0.0,1.0,1.0,0.0,0.0,0.0,0.0,0.0,,,middle,,,run,3.0,,-0.30093905,10.0,1.0
CHI,14,0.0,1.0,0.0,0.0,0.0,0.0,0.0,0.0,,,right,end,,run,0.0,,-0.7698228,7.0,2.0
CHI,14,1.0,0.0,1.0,0.0,0.0,0.0,0.0,1.0,short,left,,,2.0,pass,3.0,1.0,-0.9565679,7.0,3.0
CHI,14,1.0,0.0,0.0,0.0,0.0,0.0,0.0,1.0,short,left,,,7.0,pass,5.0,-2.0,-0.091377355,10.0,1.0
CHI,14,1.0,0.0,1.0,0.0,0.0,0.0,1.0,1.0,short,left,,,0.0,pass,7.0,7.0,0.72883916,5.0,2.0
CHI,14,1.0,0.0,0.0,0.0,0.0,0.0,0.0,1.0,short,right,,,,pass,0.0,12.0,-0.60850966,10.0,1.0
CHI,14,1.0,0.0,1.0,0.0,0.0,0.0,0.0,1.0,short,left,,,,pass,0.0,7.0,-0.7651152,10.0,2.0
CHI,14,1.0,0.0,1.0,0.0,0.0,0.0,0.0,1.0,,,,,,pass,-7.0,,-1.7876694,10.0,3.0
CHI,14,0.0,1.0,0.0,0.0,0.0,0.0,0.0,0.0,,,left,end,,run,3.0,,-0.31150663,10.0,1.0
CHI,14,1.0,0.0,1.0,0.0,0.0,0.0,0.0,1.0,short,right,,,,pass,0.0,-6.0,-0.729533,7.0,2.0
CHI,14,1.0,0.0,1.0,0.0,0.0,0.0,0.0,1.0,,,,,,pass,-5.0,,-1.8902166,7.0,3.0
CHI,14,1.0,0.0,0.0,0.0,0.0,0.0,0.0,1.0,short,right,,,5.0,pass,4.0,-1.0,-0.20496827,10.0,1.0
CHI,14,0.0,1.0,0.0,0.0,0.0,0.0,0.0,0.0,,,middle,,,run,1.0,,-0.5496431,6.0,2.0
CHI,14,1.0,0.0,1.0,0.0,0.0,0.0,0.0,1.0,,,,,,pass,-12.0,,-2.171284,5.0,3.0
CHI,14,1.0,0.0,1.0,0.0,0.0,0.0,0.0,1.0,short,left,,,7.0,pass,6.0,-1.0,0.24885994,10.0,1.0
CHI,14,1.0,0.0,1.0,1.0,0.0,0.0,0.0,1.0,short,right,,,1.0,pass,2.0,1.0,-0.14566308,4.0,2.0
CHI,14,1.0,0.0,1.0,1.0,0.0,0.0,0.0,1.0,,,,,,pass,-6.0,,-1.3290508,2.0,3.0
CHI,14,0.0,1.0,1.0,0.0,0.0,0.0,0.0,0.0,,,middle,,,run,8.0,,0.67098373,10.0,1.0
CHI,14,0.0,1.0,0.0,0.0,0.0,0.0,0.0,0.0,,,right,end,,run,1.0,,-0.29471675,2.0,2.0
CHI,14,0.0,1.0,1.0,0.0,0.0,1.0,0.0,0.0,,,left,tackle,,run,3.0,,0.54196644,1.0,3.0
CHI,14,1.0,0.0,1.0,0.0,0.0,0.0,0.0,1.0,short,left,,,10.0,pass,7.0,-3.0,0.4683963,10.0,1.0
CHI,14,1.0,0.0,1.0,0.0,0.0,0.0,1.0,1.0,short,right,,,4.0,pass,10.0,6.0,0.7953238,3.0,2.0
CHI,14,0.0,1.0,1.0,0.0,0.0,0.0,0.0,0.0,,,left,guard,,run,6.0,,0.17025709,10.0,1.0
CHI,14,1.0,0.0,1.0,0.0,0.0,0.0,0.0,1.0,deep,middle,,,,pass,0.0,30.0,-0.7613758,4.0,2.0
CHI,14,0.0,1.0,1.0,0.0,0.0,1.0,0.0,0.0,,,left,end,,run,4.0,,1.2002271,4.0,3.0
CHI,14,1.0,0.0,0.0,0.0,0.0,0.0,0.0,1.0,short,left,,,0.0,pass,2.0,2.0,-0.33032975,10.0,1.0
CHI,14,0.0,1.0,1.0,0.0,0.0,0.0,0.0,0.0,,,right,end,,run,6.0,,0.3647588,8.0,2.0
CHI,14,1.0,0.0,1.0,0.0,0.0,0.0,1.0,1.0,short,right,,,3.0,pass,6.0,3.0,0.90356785,2.0,3.0
CHI,14,1.0,0.0,1.0,0.0,0.0,0.0,0.0,1.0,short,left,,,11.0,pass,9.0,-2.0,0.767195,10.0,1.0
CHI,14,0.0,1.0,0.0,1.0,0.0,1.0,0.0,0.0,,,middle,,,run,4.0,,0.39237335,1.0,2.0
CHI,14,0.0,1.0,1.0,1.0,0.0,0.0,0.0,0.0,,,right,tackle,,run,-2.0,,-0.85056925,4.0,1.0
CHI,14,0.0,1.0,1.0,1.0,0.0,0.0,0.0,0.0,,,left,tackle,,run,2.0,,-0.6044909,6.0,2.0
CHI,14,1.0,0.0,1.0,0.0,0.0,0.0,1.0,1.0,short,right,,,0.0,pass,4.0,4.0,2.5383914,4.0,3.0
CHI,14,1.0,0.0,0.0,0.0,0.0,0.0,0.0,1.0,,,,,,pass,0.0,,-0.947,0.0,
CHI,14,0.0,1.0,1.0,0.0,0.0,0.0,0.0,0.0,,,middle,,,run,2.0,,-0.3272718,10.0,1.0
CHI,14,1.0,0.0,1.0,0.0,0.0,0.0,1.0,1.0,deep,right,,,0.0,pass,17.0,17.0,1.7091075,8.0,2.0
CHI,14,1.0,0.0,1.0,1.0,0.0,0.0,0.0,1.0,short,right,,,,pass,0.0,6.0,-0.5208352,10.0,1.0
CHI,14,1.0,0.0,1.0,0.0,0.0,0.0,1.0,1.0,short,middle,,,3.0,pass,14.0,11.0,1.4683387,10.0,2.0
CHI,14,0.0,1.0,1.0,1.0,0.0,0.0,0.0,0.0,,,right,end,,run,2.0,,-0.37861145,10.0,1.0
CHI,14,1.0,0.0,1.0,0.0,0.0,0.0,0.0,1.0,,,,,,pass,-8.0,,-5.5745454,8.0,2.0
CHI,14,0.0,1.0,1.0,0.0,1.0,0.0,0.0,1.0,,,right,end,,run,9.0,,0.8589631,10.0,1.0
CHI,14,1.0,0.0,1.0,1.0,0.0,0.0,1.0,1.0,short,left,,,5.0,pass,10.0,5.0,0.44241706,1.0,2.0
CHI,14,1.0,0.0,1.0,0.0,0.0,0.0,1.0,1.0,short,right,,,11.0,pass,14.0,3.0,0.97443676,10.0,1.0
CHI,14,0.0,1.0,1.0,1.0,1.0,1.0,0.0,1.0,,,left,end,,run,10.0,,0.63672864,10.0,1.0
CHI,14,0.0,1.0,1.0,1.0,0.0,0.0,0.0,0.0,,,middle,,,run,3.0,,-0.22217461,10.0,1.0
CHI,14,1.0,0.0,1.0,0.0,0.0,0.0,1.0,1.0,short,middle,,,0.0,pass,14.0,14.0,2.5062768,7.0,2.0
CHI,14,1.0,0.0,0.0,0.0,0.0,0.0,0.0,1.0,deep,right,,,,pass,0.0,23.0,-0.431522,10.0,1.0
CHI,14,1.0,0.0,1.0,1.0,0.0,0.0,0.0,1.0,,,,,,pass,0.0,,-0.4614435,10.0,2.0
CHI,14,1.0,0.0,1.0,0.0,0.0,0.0,0.0,1.0,,,,,,pass,-8.0,,-1.3665437,10.0,3.0
CHI,14,0.0,1.0,1.0,0.0,0.0,0.0,0.0,0.0,,,middle,,,run,4.0,,-0.32899,10.0,1.0
CHI,14,1.0,0.0,1.0,1.0,0.0,0.0,1.0,1.0,short,right,,,3.0,pass,6.0,3.0,0.39104867,6.0,2.0
CHI,14,0.0,1.0,0.0,0.0,0.0,0.0,0.0,0.0,,,left,end,,run,-1.0,,-0.60710907,10.0,1.0
CHI,14,0.0,1.0,1.0,0.0,0.0,0.0,0.0,0.0,,,left,tackle,,run,0.0,,-0.35871378,11.0,2.0
CHI,15,0.0,1.0,0.0,0.0,0.0,0.0,0.0,0.0,,,right,guard,,run,4.0,,-0.08325933,10.0,1.0
CHI,15,1.0,0.0,1.0,0.0,0.0,0.0,0.0,1.0,short,left,,,1.0,pass,4.0,3.0,-0.14043075,6.0,2.0
CHI,15,0.0,1.0,1.0,0.0,1.0,0.0,0.0,1.0,,,left,tackle,,run,1.0,,-1.4443693,2.0,3.0
CHI,15,0.0,1.0,0.0,0.0,0.0,0.0,0.0,0.0,,,left,end,,run,0.0,,-3.5606709,1.0,4.0
CHI,15,0.0,1.0,1.0,0.0,0.0,0.0,0.0,0.0,,,right,end,,run,9.0,,0.7694203,10.0,1.0
CHI,15,0.0,1.0,1.0,0.0,0.0,1.0,0.0,0.0,,,left,end,,run,9.0,,0.40175986,1.0,2.0
CHI,15,1.0,0.0,0.0,0.0,0.0,0.0,1.0,1.0,short,right,,,10.0,pass,10.0,0.0,0.595178,10.0,1.0
CHI,15,0.0,1.0,0.0,0.0,0.0,0.0,0.0,0.0,,,left,tackle,,run,2.0,,-0.41783908,10.0,1.0
CHI,15,1.0,0.0,1.0,0.0,0.0,0.0,1.0,1.0,short,left,,,10.0,pass,10.0,0.0,1.3116349,8.0,2.0
CHI,15,1.0,0.0,1.0,0.0,0.0,0.0,0.0,1.0,deep,right,,,,pass,0.0,20.0,-0.46329957,10.0,1.0
CHI,15,0.0,1.0,1.0,0.0,0.0,0.0,0.0,0.0,,,left,end,,run,1.0,,-0.58905345,10.0,2.0
CHI,15,1.0,0.0,1.0,0.0,0.0,0.0,0.0,1.0,,,,,,pass,-16.0,,-6.7940154,9.0,3.0
CHI,15,0.0,1.0,0.0,0.0,0.0,0.0,0.0,0.0,,,right,tackle,,run,6.0,,0.27411264,10.0,1.0
CHI,15,0.0,1.0,0.0,1.0,0.0,1.0,0.0,0.0,,,middle,,,run,4.0,,0.28631562,4.0,2.0
CHI,15,0.0,1.0,0.0,0.0,0.0,0.0,0.0,0.0,,,right,tackle,,run,1.0,,-0.49477047,10.0,1.0
CHI,15,0.0,1.0,1.0,0.0,0.0,0.0,0.0,0.0,,,middle,,,run,2.0,,-0.56371653,9.0,2.0
CHI,15,1.0,0.0,1.0,0.0,0.0,0.0,0.0,1.0,short,middle,,,,pass,0.0,8.0,-1.5790489,7.0,3.0
CHI,15,0.0,1.0,1.0,0.0,0.0,0.0,0.0,0.0,,,right,guard,,run,1.0,,-0.5822024,10.0,1.0
CHI,15,1.0,0.0,1.0,0.0,0.0,0.0,0.0,1.0,short,left,,,13.0,pass,5.0,-8.0,0.003467768,9.0,2.0
CHI,15,0.0,1.0,1.0,0.0,1.0,0.0,0.0,1.0,,,left,tackle,,run,2.0,,-1.1305438,4.0,3.0
CHI,15,0.0,1.0,0.0,0.0,0.0,0.0,0.0,0.0,,,right,tackle,,run,6.0,,0.06903765,10.0,1.0
CHI,15,0.0,1.0,0.0,1.0,0.0,1.0,0.0,0.0,,,right,end,,run,6.0,,0.5319424,4.0,2.0
CHI,15,0.0,1.0,0.0,1.0,0.0,0.0,0.0,0.0,,,middle,,,run,7.0,,0.36755916,10.0,1.0
CHI,15,1.0,0.0,0.0,0.0,0.0,0.0,1.0,1.0,short,right,,,14.0,pass,14.0,0.0,1.0135237,3.0,2.0
CHI,15,1.0,0.0,1.0,0.0,0.0,0.0,0.0,1.0,short,left,,,4.0,pass,2.0,-2.0,-0.5382168,10.0,1.0
CHI,15,0.0,1.0,1.0,1.0,0.0,0.0,0.0,0.0,,,middle,,,run,3.0,,-0.13173968,8.0,2.0
CHI,15,1.0,0.0,1.0,0.0,0.0,0.0,0.0,1.0,short,right,,,14.0,pass,14.0,0.0,0.85677004,15.0,3.0
CHI,15,0.0,1.0,0.0,0.0,0.0,0.0,0.0,0.0,,,middle,,,run,0.0,,-3.560589,1.0,4.0
CHI,15,1.0,0.0,1.0,0.0,0.0,0.0,0.0,1.0,short,left,,,6.0,pass,6.0,0.0,-0.10548622,20.0,1.0
CHI,15,1.0,0.0,1.0,0.0,0.0,0.0,1.0,1.0,deep,right,,,5.0,pass,26.0,21.0,2.708885,14.0,2.0
CHI,15,1.0,0.0,1.0,1.0,0.0,0.0,0.0,1.0,short,right,,,,pass,0.0,4.0,-0.5477206,10.0,1.0
CHI,15,1.0,0.0,1.0,0.0,0.0,0.0,0.0,1.0,short,left,,,2.0,pass,2.0,0.0,-0.7768719,10.0,2.0
CHI,15,1.0,0.0,1.0,1.0,0.0,0.0,0.0,1.0,short,left,,,,pass,0.0,8.0,-1.5939106,8.0,3.0
CHI,15,0.0,1.0,0.0,0.0,0.0,0.0,0.0,0.0,,,left,tackle,,run,1.0,,-0.48360792,10.0,1.0
CHI,15,1.0,0.0,1.0,0.0,0.0,0.0,1.0,1.0,short,right,,,17.0,pass,29.0,12.0,2.6396863,9.0,2.0
CHI,15,1.0,0.0,1.0,0.0,0.0,0.0,0.0,1.0,deep,left,,,,pass,0.0,28.0,-0.44152513,10.0,1.0
CHI,15,0.0,1.0,1.0,1.0,0.0,1.0,0.0,0.0,,,left,guard,,run,10.0,,1.1147257,10.0,2.0
CHI,15,0.0,1.0,1.0,1.0,0.0,1.0,0.0,0.0,,,left,end,,run,17.0,,1.5716157,10.0,1.0
CHI,15,0.0,1.0,0.0,0.0,0.0,0.0,0.0,0.0,,,right,end,,run,5.0,,0.53240234,6.0,1.0
CHI,15,1.0,0.0,1.0,0.0,0.0,0.0,0.0,1.0,short,middle,,,,pass,0.0,11.0,-0.751869,11.0,2.0
CHI,15,1.0,0.0,1.0,0.0,0.0,0.0,0.0,1.0,short,right,,,,pass,0.0,6.0,-0.766229,11.0,3.0
CHI,15,0.0,1.0,1.0,0.0,0.0,1.0,0.0,0.0,,,left,guard,,run,8.0,,0.3371338,5.0,1.0
CHI,15,1.0,0.0,1.0,1.0,0.0,0.0,0.0,1.0,short,middle,,,3.0,pass,9.0,6.0,0.7949023,10.0,1.0
CHI,15,0.0,1.0,0.0,1.0,0.0,1.0,0.0,0.0,,,left,guard,,run,5.0,,0.006175657,1.0,2.0
CHI,15,1.0,0.0,1.0,0.0,0.0,0.0,0.0,1.0,short,middle,,,1.0,pass,6.0,5.0,0.322185,10.0,1.0
CHI,15,0.0,1.0,0.0,0.0,0.0,0.0,0.0,0.0,,,right,tackle,,run,1.0,,-0.64360416,4.0,2.0
CHI,15,1.0,0.0,1.0,1.0,0.0,0.0,1.0,1.0,deep,right,,,0.0,pass,20.0,20.0,2.233769,3.0,3.0
CHI,15,0.0,1.0,0.0,1.0,0.0,0.0,0.0,0.0,,,right,guard,,run,0.0,,-0.48932272,10.0,1.0
CHI,15,1.0,0.0,1.0,0.0,0.0,0.0,0.0,1.0,deep,right,,,,pass,0.0,16.0,-0.7537641,10.0,2.0
CHI,15,1.0,0.0,1.0,0.0,0.0,0.0,0.0,1.0,deep,right,,,,pass,0.0,21.0,-0.6333808,15.0,3.0
CHI,15,1.0,0.0,1.0,0.0,0.0,0.0,0.0,1.0,short,right,,,5.0,pass,5.0,0.0,-0.18103537,10.0,1.0
CHI,15,1.0,0.0,1.0,0.0,0.0,0.0,0.0,1.0,short,left,,,7.0,pass,2.0,-5.0,-0.29943123,5.0,2.0
CHI,15,1.0,0.0,1.0,0.0,0.0,0.0,0.0,1.0,,,,,,pass,-9.0,,-2.3729954,3.0,3.0
CHI,15,1.0,0.0,1.0,0.0,0.0,0.0,0.0,1.0,short,right,,,,pass,0.0,3.0,-0.35819212,10.0,1.0
CHI,15,1.0,0.0,1.0,0.0,0.0,0.0,1.0,1.0,short,middle,,,4.0,pass,11.0,7.0,0.95907533,10.0,2.0
CHI,15,1.0,0.0,1.0,1.0,0.0,0.0,0.0,1.0,short,right,,,,pass,0.0,3.0,-0.35989636,10.0,1.0
CHI,15,1.0,0.0,1.0,0.0,0.0,0.0,0.0,1.0,deep,middle,,,,pass,0.0,16.0,-0.7429972,10.0,2.0
CHI,15,1.0,0.0,1.0,0.0,0.0,0.0,0.0,1.0,deep,right,,,,pass,0.0,16.0,-1.043125,10.0,3.0
CHI,15,1.0,0.0,1.0,0.0,0.0,0.0,1.0,1.0,deep,middle,,,0.0,pass,16.0,16.0,4.40319,10.0,4.0
CHI,15,1.0,0.0,0.0,0.0,0.0,0.0,0.0,1.0,,,,,,pass,0.0,,-0.947,0.0,
CHI,15,0.0,1.0,0.0,0.0,0.0,0.0,0.0,0.0,,,right,end,,run,1.0,,-0.55864453,10.0,1.0
CHI,15,1.0,0.0,1.0,0.0,0.0,0.0,0.0,1.0,short,left,,,7.0,pass,5.0,-2.0,-0.07218117,9.0,2.0
CHI,15,0.0,1.0,1.0,0.0,0.0,0.0,0.0,0.0,,,middle,,,run,2.0,,-0.34928578,4.0,3.0
CHI,16,1.0,0.0,1.0,0.0,0.0,0.0,0.0,1.0,short,left,,,,pass,0.0,6.0,-0.59559447,10.0,1.0
CHI,16,1.0,0.0,1.0,0.0,0.0,0.0,0.0,1.0,short,middle,,,4.0,pass,1.0,-3.0,-0.68026745,10.0,2.0
CHI,16,1.0,0.0,1.0,0.0,0.0,0.0,0.0,1.0,deep,right,,,,pass,0.0,23.0,-1.4354786,9.0,3.0
CHI,16,0.0,1.0,1.0,0.0,0.0,0.0,0.0,0.0,,,left,end,,run,2.0,,-0.34513402,5.0,1.0
CHI,16,0.0,1.0,0.0,1.0,0.0,0.0,0.0,0.0,,,,,,run,0.0,,-5.6235733,3.0,2.0
CHI,16,1.0,0.0,0.0,0.0,0.0,0.0,1.0,1.0,short,right,,,11.0,pass,11.0,0.0,0.59791833,10.0,1.0
CHI,16,0.0,1.0,0.0,0.0,0.0,0.0,0.0,0.0,,,right,end,,run,1.0,,-0.83033293,10.0,1.0
CHI,16,1.0,0.0,0.0,0.0,0.0,0.0,0.0,1.0,short,left,,,14.0,pass,10.0,-4.0,0.37020326,19.0,1.0
CHI,16,1.0,0.0,1.0,0.0,0.0,0.0,0.0,1.0,short,right,,,27.0,pass,19.0,-8.0,-3.642027,9.0,2.0
CHI,16,1.0,0.0,0.0,0.0,0.0,0.0,1.0,1.0,deep,left,,,4.0,pass,21.0,17.0,1.2921469,10.0,1.0
CHI,16,1.0,0.0,1.0,0.0,0.0,0.0,0.0,1.0,short,left,,,,pass,0.0,-2.0,-0.524055,20.0,1.0
CHI,16,1.0,0.0,1.0,0.0,0.0,0.0,0.0,1.0,short,right,,,,pass,0.0,10.0,-0.90010244,20.0,2.0
CHI,16,1.0,0.0,1.0,0.0,0.0,0.0,0.0,1.0,short,left,,,13.0,pass,10.0,-3.0,-0.62172663,20.0,3.0
CHI,16,0.0,1.0,0.0,0.0,0.0,0.0,0.0,0.0,,,left,end,,run,2.0,,-0.34697443,10.0,1.0
CHI,16,1.0,0.0,0.0,0.0,0.0,0.0,0.0,1.0,deep,middle,,,,pass,0.0,53.0,-0.73143685,8.0,2.0
CHI,16,1.0,0.0,1.0,0.0,0.0,0.0,1.0,1.0,short,middle,,,2.0,pass,15.0,13.0,2.1645753,8.0,3.0
CHI,16,1.0,0.0,0.0,0.0,0.0,0.0,0.0,1.0,short,left,,,17.0,pass,13.0,-4.0,1.0346826,15.0,1.0
CHI,16,0.0,1.0,1.0,1.0,0.0,1.0,0.0,0.0,,,middle,,,run,7.0,,0.44634303,2.0,2.0
CHI,16,0.0,1.0,1.0,0.0,0.0,0.0,0.0,0.0,,,right,guard,,run,4.0,,-0.27324724,10.0,1.0
CHI,16,1.0,0.0,1.0,1.0,0.0,0.0,0.0,1.0,short,middle,,,,pass,0.0,13.0,-0.709967,6.0,2.0
CHI,16,0.0,1.0,1.0,0.0,0.0,0.0,0.0,0.0,,,right,guard,,run,3.0,,-0.90685374,6.0,3.0
CHI,16,1.0,0.0,1.0,0.0,0.0,0.0,1.0,1.0,short,right,,,0.0,pass,13.0,13.0,3.1147916,3.0,4.0
CHI,16,0.0,1.0,0.0,0.0,0.0,0.0,0.0,0.0,,,left,end,,run,4.0,,-0.1640795,10.0,1.0
CHI,16,1.0,0.0,0.0,0.0,0.0,0.0,1.0,1.0,short,right,,,12.0,pass,14.0,2.0,1.8823221,11.0,2.0
CHI,16,1.0,0.0,1.0,0.0,0.0,0.0,0.0,1.0,short,middle,,,,pass,0.0,5.0,-0.42614865,5.0,1.0
CHI,16,0.0,1.0,0.0,0.0,0.0,0.0,0.0,0.0,,,left,guard,,run,4.0,,0.38874686,5.0,2.0
CHI,16,1.0,0.0,0.0,0.0,0.0,0.0,1.0,1.0,short,left,,,0.0,pass,1.0,1.0,1.3253543,1.0,3.0
CHI,16,1.0,0.0,1.0,0.0,0.0,0.0,0.0,1.0,short,left,,,,pass,0.0,0.0,-0.22630118,10.0,1.0
CHI,16,1.0,0.0,1.0,0.0,0.0,0.0,1.0,1.0,deep,right,,,0.0,pass,25.0,25.0,1.6581193,10.0,2.0
CHI,16,1.0,0.0,1.0,0.0,0.0,0.0,1.0,1.0,deep,right,,,24.0,pass,45.0,21.0,4.845094,10.0,1.0
CHI,16,0.0,1.0,0.0,0.0,0.0,0.0,0.0,0.0,,,right,tackle,,run,-1.0,,-0.7856377,10.0,1.0
CHI,16,1.0,0.0,1.0,0.0,0.0,0.0,1.0,1.0,deep,middle,,,0.0,pass,17.0,17.0,1.8602947,11.0,2.0
CHI,16,0.0,1.0,1.0,1.0,0.0,0.0,0.0,0.0,,,left,end,,run,1.0,,-0.5281239,10.0,1.0
CHI,16,1.0,0.0,1.0,0.0,0.0,0.0,0.0,1.0,short,right,,,,pass,0.0,8.0,-1.0298061,14.0,2.0
CHI,16,0.0,1.0,1.0,0.0,1.0,0.0,0.0,1.0,,,middle,,,run,13.0,,0.70576805,14.0,3.0
CHI,16,1.0,0.0,1.0,0.0,0.0,0.0,1.0,1.0,deep,right,,,0.0,pass,30.0,30.0,3.8354185,1.0,4.0
CHI,16,1.0,0.0,1.0,0.0,0.0,0.0,0.0,1.0,short,left,,,6.0,pass,1.0,-5.0,-0.4770903,10.0,1.0
CHI,16,0.0,1.0,0.0,0.0,0.0,0.0,0.0,0.0,,,right,end,,run,-2.0,,-1.1579152,9.0,2.0
CHI,16,0.0,1.0,1.0,0.0,1.0,0.0,0.0,1.0,,,right,tackle,,run,4.0,,-0.7069779,11.0,3.0
CHI,16,1.0,0.0,0.0,0.0,0.0,0.0,1.0,1.0,short,left,,,5.0,pass,15.0,10.0,0.99262446,10.0,1.0
CHI,16,1.0,0.0,1.0,0.0,0.0,0.0,0.0,1.0,short,right,,,3.0,pass,8.0,5.0,0.6932133,10.0,1.0
CHI,16,0.0,1.0,0.0,0.0,0.0,0.0,0.0,0.0,,,,,,run,0.0,,-1.6246089,2.0,2.0
CHI,16,1.0,0.0,1.0,0.0,0.0,0.0,0.0,1.0,short,right,,,0.0,pass,5.0,5.0,-0.5886205,12.0,3.0
CHI,16,1.0,0.0,1.0,0.0,0.0,0.0,1.0,1.0,short,right,,,4.0,pass,10.0,6.0,3.156482,7.0,4.0
CHI,16,1.0,0.0,1.0,1.0,0.0,0.0,1.0,1.0,short,right,,,5.0,pass,10.0,5.0,0.58081937,10.0,1.0
CHI,16,1.0,0.0,1.0,1.0,0.0,0.0,1.0,1.0,deep,right,,,0.0,pass,22.0,22.0,1.3852584,10.0,1.0
CHI,16,1.0,0.0,1.0,0.0,0.0,0.0,0.0,1.0,deep,right,,,,pass,0.0,22.0,-0.37680387,5.0,1.0
CHI,16,1.0,0.0,1.0,0.0,0.0,0.0,0.0,1.0,short,left,,,3.0,pass,-1.0,-4.0,-0.78483224,5.0,2.0
CHI,16,1.0,0.0,1.0,0.0,0.0,0.0,0.0,1.0,,,,,,pass,-9.0,,-2.339036,11.0,3.0
CHI,16,0.0,1.0,1.0,0.0,1.0,0.0,0.0,1.0,,,left,end,,run,6.0,,0.2497751,10.0,1.0
CHI,16,1.0,0.0,1.0,1.0,0.0,0.0,1.0,1.0,short,right,,,9.0,pass,7.0,-2.0,0.6615236,4.0,2.0
CHI,16,1.0,0.0,1.0,1.0,0.0,0.0,0.0,1.0,deep,middle,,,,pass,0.0,27.0,-0.5256679,10.0,1.0
CHI,16,0.0,1.0,1.0,1.0,1.0,1.0,0.0,1.0,,,left,guard,,run,11.0,,1.2182002,10.0,2.0
CHI,16,1.0,0.0,1.0,1.0,0.0,0.0,0.0,1.0,,,,,,pass,-2.0,,-1.0153195,10.0,1.0
CHI,16,1.0,0.0,1.0,1.0,0.0,0.0,0.0,1.0,short,left,,,4.0,pass,6.0,2.0,2.2679257,12.0,2.0
CHI,16,1.0,0.0,1.0,1.0,0.0,0.0,0.0,1.0,short,middle,,,0.0,pass,6.0,6.0,0.17314337,10.0,1.0
CHI,16,1.0,0.0,1.0,1.0,0.0,0.0,0.0,1.0,short,left,,,,pass,0.0,11.0,-0.6954915,4.0,2.0
CHI,16,1.0,0.0,1.0,1.0,0.0,0.0,0.0,1.0,short,middle,,,,pass,0.0,11.0,-1.3711792,4.0,3.0
CHI,16,1.0,0.0,1.0,0.0,0.0,0.0,0.0,1.0,short,left,,,,pass,0.0,11.0,-3.0739653,4.0,4.0
CHI,17,0.0,1.0,0.0,0.0,0.0,0.0,0.0,0.0,,,right,end,,run,2.0,,-0.34103584,10.0,1.0
CHI,17,0.0,1.0,1.0,0.0,0.0,0.0,0.0,0.0,,,left,guard,,run,3.0,,-0.55185384,8.0,2.0
CHI,17,1.0,0.0,1.0,0.0,0.0,0.0,0.0,1.0,short,middle,,,,pass,0.0,11.0,-1.4203799,5.0,3.0
CHI,17,1.0,0.0,0.0,0.0,0.0,0.0,0.0,1.0,short,right,,,10.0,pass,9.0,-1.0,0.7711905,10.0,1.0
CHI,17,1.0,0.0,1.0,0.0,0.0,0.0,1.0,1.0,short,middle,,,0.0,pass,2.0,2.0,-0.17147596,1.0,2.0
CHI,17,0.0,1.0,0.0,0.0,0.0,0.0,0.0,0.0,,,middle,,,run,5.0,,0.07067052,10.0,1.0
CHI,17,1.0,0.0,0.0,0.0,0.0,0.0,0.0,1.0,deep,right,,,,pass,0.0,20.0,-0.869487,5.0,2.0
CHI,17,1.0,0.0,1.0,0.0,0.0,0.0,0.0,1.0,short,right,,,,pass,0.0,3.0,-1.6437637,5.0,3.0
CHI,17,0.0,1.0,0.0,0.0,0.0,0.0,0.0,0.0,,,right,end,,run,-7.0,,-1.5894649,10.0,1.0
CHI,17,0.0,1.0,1.0,0.0,0.0,0.0,0.0,0.0,,,left,end,,run,11.0,,0.55160403,17.0,2.0
CHI,17,1.0,0.0,1.0,0.0,0.0,0.0,0.0,1.0,deep,middle,,,,pass,0.0,29.0,-1.3692285,6.0,3.0
CHI,17,0.0,1.0,1.0,0.0,0.0,0.0,0.0,0.0,,,left,end,,run,-3.0,,-0.8857854,14.0,1.0
CHI,17,1.0,0.0,1.0,0.0,0.0,0.0,0.0,1.0,short,right,,,7.0,pass,10.0,3.0,0.56510454,17.0,2.0
CHI,17,1.0,0.0,1.0,0.0,0.0,0.0,1.0,1.0,short,right,,,25.0,pass,24.0,-1.0,2.7059965,7.0,3.0
CHI,17,0.0,1.0,1.0,0.0,0.0,1.0,0.0,0.0,,,left,end,,run,8.0,,0.17095459,5.0,1.0
CHI,17,0.0,1.0,1.0,1.0,0.0,0.0,0.0,0.0,,,left,end,,run,3.0,,-0.2967769,10.0,1.0
CHI,17,1.0,0.0,1.0,0.0,0.0,0.0,0.0,1.0,,,,,,pass,-2.0,,-0.8842351,7.0,2.0
CHI,17,1.0,0.0,1.0,0.0,0.0,0.0,1.0,1.0,short,right,,,22.0,pass,18.0,-4.0,2.2997231,9.0,3.0
CHI,17,0.0,1.0,0.0,0.0,0.0,0.0,0.0,0.0,,,left,guard,,run,-1.0,,-0.782159,10.0,1.0
CHI,17,1.0,0.0,1.0,0.0,0.0,0.0,1.0,1.0,short,middle,,,10.0,pass,16.0,6.0,1.7151506,11.0,2.0
CHI,17,1.0,0.0,1.0,0.0,0.0,0.0,0.0,1.0,deep,right,,,,pass,0.0,17.0,-0.4576827,10.0,1.0
CHI,17,1.0,0.0,1.0,0.0,0.0,0.0,0.0,1.0,deep,right,,,,pass,0.0,17.0,-0.7251065,10.0,2.0
CHI,17,1.0,0.0,1.0,0.0,0.0,0.0,0.0,1.0,short,middle,,,4.0,pass,3.0,-1.0,-0.29387623,20.0,3.0
CHI,17,0.0,1.0,1.0,0.0,0.0,0.0,0.0,0.0,,,right,guard,,run,7.0,,0.007989097,10.0,1.0
CHI,17,1.0,0.0,1.0,0.0,0.0,0.0,0.0,1.0,,,,,,pass,-7.0,,-0.2529623,3.0,2.0
CHI,17,1.0,0.0,0.0,0.0,0.0,0.0,0.0,1.0,,,,,,pass,0.0,,-0.59368247,10.0,1.0
CHI,17,0.0,1.0,0.0,0.0,0.0,0.0,0.0,0.0,,,right,guard,,run,8.0,,0.7202448,10.0,2.0
CHI,17,0.0,1.0,1.0,0.0,0.0,0.0,0.0,0.0,,,left,guard,,run,1.0,,-1.3268274,2.0,3.0
CHI,17,0.0,1.0,0.0,0.0,0.0,0.0,0.0,0.0,,,left,tackle,,run,4.0,,-0.24817704,10.0,1.0
CHI,17,0.0,1.0,0.0,0.0,1.0,1.0,0.0,1.0,,,right,end,,run,16.0,,1.6731863,6.0,2.0
CHI,17,1.0,0.0,1.0,0.0,0.0,0.0,0.0,1.0,short,right,,,7.0,pass,-1.0,-8.0,-0.93747896,10.0,1.0
CHI,17,1.0,0.0,1.0,0.0,0.0,0.0,0.0,1.0,short,right,,,-1.0,pass,1.0,2.0,-0.41974908,11.0,2.0
CHI,17,1.0,0.0,1.0,0.0,0.0,0.0,0.0,1.0,,,,,,pass,-10.0,,-2.2185917,10.0,3.0
CHI,17,1.0,0.0,0.0,0.0,0.0,0.0,0.0,1.0,short,left,,,7.0,pass,4.0,-3.0,-0.14653079,10.0,1.0
CHI,17,0.0,1.0,1.0,1.0,0.0,0.0,0.0,0.0,,,left,end,,run,5.0,,0.3042516,6.0,2.0
CHI,17,1.0,0.0,1.0,1.0,0.0,0.0,1.0,1.0,short,left,,,0.0,pass,4.0,4.0,0.5236212,1.0,3.0
CHI,17,1.0,0.0,1.0,1.0,0.0,0.0,0.0,1.0,,,,,,pass,-14.0,,-1.6889127,10.0,1.0
CHI,17,1.0,0.0,1.0,0.0,0.0,0.0,0.0,1.0,short,middle,,,,pass,0.0,3.0,-0.92708874,24.0,2.0
CHI,17,1.0,0.0,1.0,0.0,0.0,0.0,0.0,1.0,short,middle,,,1.0,pass,2.0,1.0,-0.9460352,24.0,3.0
CHI,17,0.0,1.0,0.0,0.0,0.0,0.0,0.0,0.0,,,left,tackle,,run,8.0,,0.59719515,10.0,1.0
CHI,17,0.0,1.0,1.0,1.0,0.0,0.0,0.0,0.0,,,right,tackle,,run,1.0,,-0.3873461,2.0,2.0
CHI,17,0.0,1.0,0.0,0.0,0.0,1.0,0.0,0.0,,,right,guard,,run,2.0,,0.4149398,1.0,3.0
CHI,17,0.0,1.0,0.0,0.0,0.0,0.0,0.0,0.0,,,left,guard,,run,2.0,,-0.42151758,10.0,1.0
CHI,17,1.0,0.0,1.0,0.0,0.0,0.0,0.0,1.0,short,middle,,,,pass,0.0,0.0,-0.79131377,8.0,2.0
CHI,17,1.0,0.0,1.0,0.0,0.0,0.0,0.0,1.0,,,,,,pass,-8.0,,-1.9714147,8.0,3.0
CHI,17,0.0,1.0,1.0,0.0,0.0,0.0,0.0,0.0,,,right,end,,run,7.0,,0.2436811,10.0,1.0
CHI,17,0.0,1.0,1.0,1.0,0.0,1.0,0.0,0.0,,,middle,,,run,12.0,,1.0403639,3.0,2.0
CHI,17,0.0,1.0,1.0,1.0,1.0,0.0,0.0,1.0,,,right,end,,run,8.0,,0.1758031,10.0,1.0
CHI,17,1.0,0.0,1.0,1.0,0.0,0.0,0.0,1.0,short,left,,,3.0,pass,0.0,-3.0,-0.44261605,2.0,2.0
CHI,17,0.0,1.0,1.0,0.0,1.0,0.0,0.0,1.0,,,middle,,,run,1.0,,-1.0077147,2.0,3.0
CHI,17,1.0,0.0,1.0,0.0,0.0,0.0,1.0,1.0,short,right,,,9.0,pass,14.0,5.0,2.487753,5.0,4.0
CHI,17,1.0,0.0,1.0,0.0,0.0,0.0,0.0,1.0,,,,,,pass,-5.0,,-0.86148506,10.0,1.0
CHI,17,1.0,0.0,1.0,0.0,0.0,0.0,0.0,1.0,short,left,,,4.0,pass,1.0,-3.0,-0.47468188,15.0,2.0
CHI,17,1.0,0.0,1.0,0.0,0.0,0.0,1.0,1.0,short,right,,,0.0,pass,15.0,15.0,1.5240499,14.0,3.0
CHI,17,1.0,0.0,1.0,1.0,0.0,0.0,0.0,1.0,short,right,,,,pass,0.0,15.0,-0.30837458,10.0,1.0
CHI,17,1.0,0.0,1.0,0.0,0.0,0.0,0.0,1.0,deep,right,,,,pass,0.0,23.0,-0.38070473,10.0,2.0
CHI,17,1.0,0.0,1.0,0.0,0.0,0.0,0.0,1.0,deep,right,,,,pass,0.0,32.0,-1.0515828,10.0,3.0
CHI,17,1.0,0.0,1.0,0.0,0.0,0.0,0.0,1.0,deep,right,,,,pass,0.0,18.0,-0.56989485,10.0,4.0
CHI,18,1.0,0.0,1.0,0.0,0.0,0.0,0.0,1.0,,,,,,pass,-7.0,,-1.5343361,10.0,1.0
CHI,18,1.0,0.0,1.0,0.0,0.0,0.0,0.0,1.0,short,right,,,0.0,pass,-4.0,-4.0,-1.0435963,17.0,2.0
CHI,18,1.0,0.0,1.0,0.0,0.0,0.0,0.0,1.0,short,right,,,7.0,pass,2.0,-5.0,-0.8791952,21.0,3.0
CHI,18,0.0,1.0,0.0,0.0,0.0,0.0,0.0,0.0,,,middle,,,run,-4.0,,-1.3285683,10.0,1.0
CHI,18,1.0,0.0,0.0,0.0,0.0,0.0,0.0,1.0,deep,right,,,,pass,0.0,18.0,-0.7807976,14.0,2.0
CHI,18,1.0,0.0,1.0,0.0,0.0,0.0,0.0,1.0,short,right,,,14.0,pass,7.0,-7.0,-0.10140809,14.0,3.0
CHI,18,0.0,1.0,0.0,0.0,0.0,0.0,0.0,0.0,,,middle,,,run,2.0,,-0.43769276,10.0,1.0
CHI,18,1.0,0.0,0.0,0.0,0.0,0.0,1.0,1.0,short,left,,,17.0,pass,15.0,-2.0,1.8369184,8.0,2.0
CHI,18,0.0,1.0,0.0,0.0,0.0,1.0,0.0,0.0,,,middle,,,run,4.0,,1.1213257,4.0,1.0
CHI,18,0.0,1.0,1.0,0.0,0.0,0.0,0.0,0.0,,,right,end,,run,6.0,,0.24792534,10.0,1.0
CHI,18,0.0,1.0,0.0,1.0,0.0,1.0,0.0,0.0,,,middle,,,run,5.0,,0.40282938,4.0,2.0
CHI,18,0.0,1.0,1.0,0.0,0.0,1.0,0.0,0.0,,,left,end,,run,14.0,,0.8796244,10.0,1.0
CHI,18,0.0,1.0,1.0,0.0,0.0,0.0,0.0,0.0,,,left,end,,run,1.0,,-0.39655522,10.0,1.0
CHI,18,1.0,0.0,0.0,0.0,0.0,0.0,0.0,1.0,short,middle,,,4.0,pass,3.0,-1.0,-0.41940227,9.0,2.0
CHI,18,1.0,0.0,1.0,0.0,0.0,0.0,0.0,1.0,short,right,,,1.0,pass,-2.0,-3.0,-1.7458018,6.0,3.0
CHI,18,0.0,1.0,1.0,0.0,0.0,0.0,0.0,0.0,,,left,end,,run,3.0,,0.12290528,10.0,1.0
CHI,18,1.0,0.0,1.0,1.0,0.0,0.0,0.0,1.0,short,left,,,,pass,0.0,4.0,-0.4817249,7.0,2.0
CHI,18,1.0,0.0,1.0,0.0,0.0,0.0,1.0,1.0,short,right,,,1.0,pass,8.0,7.0,1.0583417,7.0,3.0
CHI,18,1.0,0.0,1.0,1.0,0.0,0.0,0.0,1.0,short,left,,,0.0,pass,4.0,4.0,-0.09435692,10.0,1.0
CHI,18,1.0,0.0,1.0,0.0,0.0,0.0,0.0,1.0,short,right,,,,pass,0.0,15.0,-0.55156034,11.0,2.0
CHI,18,1.0,0.0,1.0,0.0,0.0,0.0,0.0,1.0,deep,right,,,,pass,0.0,20.0,-1.1115162,11.0,3.0
CHI,18,0.0,1.0,0.0,0.0,0.0,0.0,0.0,0.0,,,right,end,,run,3.0,,-0.20261154,10.0,1.0
CHI,18,0.0,1.0,0.0,1.0,0.0,0.0,0.0,0.0,,,middle,,,run,3.0,,-0.29394817,7.0,2.0
CHI,18,1.0,0.0,1.0,1.0,0.0,0.0,1.0,1.0,short,right,,,0.0,pass,13.0,13.0,1.9405721,4.0,3.0
CHI,18,1.0,0.0,0.0,0.0,0.0,0.0,0.0,1.0,short,right,,,,pass,0.0,11.0,-0.51337427,10.0,1.0
CHI,18,0.0,1.0,1.0,1.0,0.0,0.0,0.0,0.0,,,left,guard,,run,2.0,,-0.81715083,10.0,2.0
CHI,18,0.0,1.0,1.0,0.0,1.0,0.0,0.0,1.0,,,right,end,,run,3.0,,-1.1806412,8.0,3.0
CHI,18,1.0,0.0,1.0,0.0,0.0,0.0,1.0,1.0,short,middle,,,1.0,pass,6.0,5.0,3.280226,5.0,4.0
CHI,18,1.0,0.0,0.0,0.0,0.0,0.0,0.0,1.0,short,right,,,,pass,0.0,14.0,-5.9111633,10.0,1.0
CHI,18,0.0,1.0,1.0,0.0,0.0,0.0,0.0,0.0,,,right,tackle,,run,5.0,,0.007904667,10.0,1.0
CHI,18,0.0,1.0,1.0,1.0,0.0,0.0,0.0,0.0,,,middle,,,run,3.0,,-0.23195104,5.0,2.0
CHI,18,0.0,1.0,1.0,1.0,0.0,1.0,0.0,0.0,,,right,end,,run,3.0,,0.79587406,2.0,3.0
CHI,18,0.0,1.0,0.0,0.0,0.0,0.0,0.0,0.0,,,middle,,,run,2.0,,-0.57236683,20.0,1.0
CHI,18,1.0,0.0,1.0,0.0,0.0,0.0,0.0,1.0,short,right,,,6.0,pass,2.0,-4.0,-0.9031829,18.0,2.0
CHI,18,1.0,0.0,1.0,1.0,0.0,0.0,0.0,1.0,short,middle,,,4.0,pass,6.0,2.0,-0.9403087,16.0,3.0
CHI,18,0.0,1.0,0.0,0.0,0.0,0.0,0.0,0.0,,,right,guard,,run,-3.0,,-0.98780346,10.0,1.0
CHI,18,1.0,0.0,1.0,0.0,0.0,0.0,0.0,1.0,short,right,,,0.0,pass,7.0,7.0,-0.22978647,13.0,2.0
CHI,18,1.0,0.0,1.0,0.0,0.0,0.0,1.0,1.0,short,left,,,0.0,pass,7.0,7.0,1.7241218,6.0,3.0
CHI,18,0.0,1.0,0.0,1.0,0.0,0.0,0.0,0.0,,,middle,,,run,7.0,,0.24404615,10.0,1.0
CHI,18,0.0,1.0,1.0,0.0,0.0,0.0,0.0,0.0,,,right,end,,run,-2.0,,-0.9708113,3.0,2.0
CHI,18,1.0,0.0,1.0,0.0,0.0,0.0,1.0,1.0,short,left,,,2.0,pass,9.0,7.0,1.7337843,5.0,3.0
CHI,18,0.0,1.0,0.0,0.0,0.0,0.0,0.0,0.0,,,left,guard,,run,4.0,,-0.030212771,10.0,1.0
CHI,18,1.0,0.0,0.0,0.0,0.0,0.0,1.0,1.0,short,right,,,35.0,pass,32.0,-3.0,3.7510114,6.0,2.0
CHI,18,0.0,1.0,1.0,0.0,0.0,0.0,0.0,0.0,,,left,end,,run,0.0,,-0.5752716,10.0,1.0
CHI,18,1.0,0.0,1.0,0.0,0.0,0.0,0.0,1.0,short,right,,,,pass,0.0,-3.0,-0.60207784,10.0,2.0
CHI,18,1.0,0.0,1.0,0.0,0.0,0.0,0.0,1.0,short,left,,,0.0,pass,-5.0,-5.0,-1.405782,10.0,3.0
CHI,18,0.0,1.0,0.0,0.0,0.0,0.0,0.0,0.0,,,right,end,,run,2.0,,-0.55591446,10.0,1.0
CHI,18,0.0,1.0,1.0,0.0,0.0,0.0,0.0,0.0,,,left,end,,run,5.0,,0.046803582,8.0,2.0
CHI,18,1.0,0.0,1.0,0.0,0.0,0.0,1.0,1.0,short,middle,,,0.0,pass,6.0,6.0,1.144445,3.0,3.0
CHI,18,0.0,1.0,0.0,0.0,0.0,0.0,0.0,0.0,,,right,end,,run,5.0,,0.10292175,10.0,1.0
CHI,18,0.0,1.0,0.0,0.0,0.0,1.0,0.0,0.0,,,middle,,,run,6.0,,0.4638112,5.0,2.0
CHI,18,1.0,0.0,0.0,0.0,0.0,0.0,0.0,1.0,short,left,,,0.0,pass,-1.0,-1.0,-4.0783424,20.0,1.0
CHI,18,1.0,0.0,1.0,0.0,0.0,0.0,1.0,1.0,short,right,,,0.0,pass,15.0,15.0,0.8836837,10.0,1.0
CHI,18,0.0,1.0,1.0,1.0,1.0,0.0,0.0,1.0,,,middle,,,run,4.0,,-0.09244655,10.0,1.0
CHI,18,1.0,0.0,1.0,0.0,0.0,0.0,0.0,1.0,short,left,,,,pass,0.0,1.0,-0.4298183,6.0,2.0
CHI,18,1.0,0.0,1.0,0.0,0.0,0.0,1.0,1.0,short,middle,,,6.0,pass,18.0,12.0,1.1028128,11.0,3.0
