Name,Position,Age,YOE,Prev Team,AAV,Type
Stefon Diggs,WR,31.2,10.0,HOU,22520000,UFA
Tee Higgins,WR,26.0,5.0,CIN,21816000,UFA
Keenan Allen,WR,32.8,12.0,CHI,20025000,UFA
Amari Cooper,WR,30.6,10.0,BUF,20000000,UFA
Chris Godwin,WR,28.9,8.0,TB,20000000,UFA
Brandin Cooks,WR,31.3,11.0,DAL,19882000,UFA
Khalil Mack,OLB,33.9,10.0,LAC,19200000,UFA
Zack Martin,G,34.2,10.0,DAL,18425000,UFA
Diontae Johnson,WR,28.5,6.0,HOU,18355000,UFA
Cam Robinson,LT,29.2,8.0,MIN,18000000,UFA
Brandon Scherff,G,33.1,10.0,JAX,16500000,UFA
Haason Reddick,OLB,30.3,8.0,NYJ,15000000,UFA
Carlton Davis,CB,28.1,7.0,DET,14500000,UFA
Matt Judon,OLB,32.4,9.0,ATL,13625000,UFA
Charvarius Ward,CB,29.7,7.0,SF,13500000,UFA
Joseph Noteboom,T,29.6,7.0,LAR,13333333,UFA
DeMarcus Lawrence,DE,32.8,11.0,DAL,13333333,UFA
DeAndre Hopkins,WR,32.6,12.0,KC,13000000,UFA
Ryan Kelly,C,31.7,9.0,IND,12500000,UFA
D.J. Reed,CB,28.2,7.0,NYJ,11000000,UFA
Justin Reid,S,27.9,7.0,KC,10500000,UFA
Josh Sweat,DE,27.8,7.0,PHI,10000000,UFA
B.J. Hill,DT,29.8,7.0,CIN,10000000,UFA
D.J. Jones,DT,30.0,8.0,DEN,10000000,UFA
Sam Darnold,QB,27.6,7.0,MIN,10000000,UFA
Mike Williams,WR,30.2,8.0,PIT,10000000,UFA
Jonathan Jones,CB,31.3,9.0,NE,9500000,UFA
James Daniels,G,27.3,7.0,PIT,8833333,UFA
Zach Wilson,QB,25.4,4.0,DEN,8787670,UFA
Austin Corbett,C,29.3,7.0,CAR,8750000,UFA
Byron Murphy,CB,27.0,6.0,MIN,8750000,UFA
Chase Young,DE,25.8,5.0,NO,8640899,UFA
Trey Lance,QB,24.7,4.0,DAL,8526319,UFA
Lavonte David,ILB,35.0,13.0,TB,8500000,UFA
Jeff Okudah,CB,25.9,5.0,HOU,8382136,UFA
Dre Greenlaw,LB,27.7,6.0,SF,8200000,UFA
Charles Omenihu,DE,27.4,6.0,KC,8000000,UFA
Jacoby Brissett,QB,32.1,9.0,NE,8000000,UFA
Robert Woods,WR,32.8,12.0,HOU,7625000,UFA
Ronnie Stanley,LT,30.8,9.0,BAL,7500000,UFA
Justin Simmons,FS,31.2,9.0,ATL,7500000,UFA
Rasul Douglas,CB,30.4,8.0,BUF,7000000,UFA
Taylor Heinicke,QB,31.8,7.0,LAC,7000000,UFA
Aaron Jones,RB,30.1,8.0,MIN,7000000,UFA
Marquise Brown,WR,27.6,6.0,KC,7000000,UFA
Jerome Baker,OLB,28.1,7.0,TEN,7000000,UFA
Stephon Gilmore,CB,34.3,13.0,MIN,7000000,UFA
Tyrann Mathieu,FS,32.7,11.0,NO,6875000,UFA
Tyler Conklin,TE,29.5,7.0,NYJ,6750000,UFA
Marcus Davenport,DE,28.3,7.0,DET,6500000,UFA
Bobby Wagner,ILB,34.6,13.0,WAS,6500000,UFA
Tyron Smith,LT,34.1,14.0,NYJ,6500000,UFA
Juwan Johnson,TE,28.3,5.0,NO,6000000,UFA
Mike Hilton,CB,30.8,8.0,CIN,6000000,UFA
Donte Jackson,CB,29.2,7.0,PIT,6000000,UFA
Marcus Epps,S,29.0,6.0,LV,6000000,UFA
Darius Slayton,WR,28.0,6.0,NYG,6000000,UFA
Marcus Mariota,QB,31.2,10.0,WAS,6000000,UFA
Kevin Zeitler,G,34.8,13.0,DET,6000000,UFA
Mo Alie-Cox,TE,31.3,7.0,IND,5850000,UFA
Deatrich Wise,DE,30.5,8.0,NE,5500000,UFA
Isaiah Simmons,LB,26.5,5.0,NYG,5166014,UFA
Patrick Mekari,G,27.4,6.0,BAL,5150000,UFA
C.J. Henderson,CB,26.3,5.0,PIT,5129005,UFA
Foley Fatukasi,DE,29.8,7.0,HOU,5125000,UFA
De'Vondre Campbell,ILB,31.5,9.0,GB,5000000,UFA
Xavier Woods,S,29.5,8.0,CAR,5000000,UFA
Morgan Moses,RT,33.8,11.0,NYJ,5000000,UFA
Jarrett Stidham,QB,28.4,6.0,DEN,5000000,UFA
Kyzir White,OLB,28.8,8.0,ARI,5000000,UFA
Andy Dalton,QB,37.2,14.0,CAR,5000000,UFA
Anthony Nelson,OLB,27.8,6.0,TB,5000000,UFA
Drew Lock,QB,28.2,6.0,NYG,5000000,UFA
De'Vondre Campbell,ILB,31.5,9.0,SF,5000000,UFA
Jedrick Wills,T,25.7,5.0,CLE,4925729,UFA
Alaric Jackson,T,26.5,4.0,LAR,4890000,UFA
Trenton Brown,RT,31.8,10.0,CIN,4750000,UFA
Justin Fields,QB,25.8,4.0,PIT,4717989,UFA
Shaquill Griffin,CB,29.5,8.0,MIN,4550000,UFA
Lorenzo Carter,OLB,29.1,7.0,ATL,4500000,UFA
Jarran Reed,DE,32.1,9.0,SEA,4500000,UFA
Will Hernandez,G,29.3,8.0,ARI,4500000,UFA
Joe Flacco,QB,40.0,17.0,IND,4500000,UFA
Tyrel Dodson,ILB,26.6,5.0,MIA,4260000,UFA
John Cominsky,DE,29.2,6.0,DET,4250000,UFA
Tre'Davious White,CB,30.0,8.0,BAL,4250000,UFA
Jeremy Chinn,S,26.9,5.0,WAS,4105000,UFA
Brandon Graham,DE,36.8,14.0,PHI,4000000,UFA
E.J. Speed,LB,29.6,6.0,IND,4000000,UFA
Nate Herbig,G,26.5,6.0,PIT,4000000,UFA
Demarcus Robinson,WR,30.3,9.0,LAR,4000000,UFA
Chukwuma Okorafor,T,27.4,6.0,NE,4000000,UFA
Jameis Winston,QB,31.0,10.0,CLE,4000000,UFA
Sebastian Joseph,DT,29.8,7.0,TEN,4000000,UFA
K.J. Osborn,WR,27.6,5.0,WAS,4000000,UFA
Mac Jones,QB,26.3,4.0,JAX,3896588,UFA
Javon Kinlaw,DT,27.2,5.0,NYJ,3872173,UFA
Nick Folk,K,40.2,17.0,TEN,3755000,UFA
Patrick Ricard,FB,30.7,8.0,BAL,3750000,UFA
Matt Prater,K,40.4,18.0,ARI,3750000,UFA
Nelson Agholor,WR,31.7,10.0,BAL,3750000,UFA
Clelin Ferrell,DE,27.7,6.0,WAS,3750000,UFA
Julian Blackmon,SS,26.4,5.0,IND,3700000,UFA
Morgan Fox,DE,30.3,8.0,LAC,3625000,UFA
Ashton Dulin,WR,27.7,6.0,IND,3600000,UFA
Robert Spillane,LB,29.1,6.0,LV,3500000,UFA
Elandon Roberts,OLB,30.8,9.0,PIT,3500000,UFA
Mike Hughes,CB,27.9,7.0,ATL,3500000,UFA
Greg Gaines,DT,27.7,6.0,TB,3500000,UFA
Zack Baun,OLB,28.1,5.0,PHI,3500000,UFA
Austin Johnson,DT,30.7,9.0,BUF,3500000,UFA
Tress Way,P,34.8,11.0,WAS,3412500,UFA
K’Lavon Chaisson,OLB,25.5,5.0,LV,3336153,UFA
Dennis Gardeck,OLB,30.4,8.0,ARI,3333333,UFA
Carson Wentz,QB,32.1,9.0,KC,3325000,UFA
Najee Harris,RB,26.8,4.0,PIT,3261862,UFA
Harrison Bryant,TE,26.8,5.0,LV,3250000,UFA
Jordan Fuller,SS,26.8,5.0,CAR,3250000,UFA
Dante Fowler Jr.,DE,30.4,10.0,WAS,3250000,UFA
Emmanuel Ogbah,DE,31.2,9.0,MIA,3250000,UFA
Pharaoh Brown,TE,30.7,7.0,SEA,3200000,UFA
Michael Davis,CB,30.0,8.0,WAS,3200000,UFA
Jimmy Garoppolo,QB,33.2,11.0,LAR,3178750,UFA
Darrell Taylor,OLB,27.8,4.0,CHI,3136000,UFA
Payton Turner,DE,26.0,4.0,NO,3131184,UFA
Case Keenum,QB,36.9,12.0,HOU,3125000,UFA
Austin Hooper,TE,30.2,9.0,NE,3125000,UFA
Kristian Fulton,CB,26.3,5.0,LAC,3125000,UFA
Shaq Thompson,OLB,30.8,10.0,CAR,3105000,UFA
M.J. Stewart,SS,29.3,7.0,HOU,3000000,UFA
Bryan Anger,P,36.2,13.0,DAL,3000000,UFA
Damontae Kazee,S,31.6,8.0,PIT,3000000,UFA
Jeff Wilson,RB,29.2,7.0,MIA,3000000,UFA
Zach Ertz,TE,34.2,12.0,WAS,3000000,UFA
Joshua Uche,OLB,26.3,5.0,KC,3000000,UFA
Willie Gay Jr.,ILB,26.9,5.0,NO,3000000,UFA
Eric Kendricks,ILB,32.9,10.0,DAL,3000000,UFA
Coleman Shelton,C,29.5,6.0,CHI,3000000,UFA
Ben Bredeson,G,25.9,5.0,TB,3000000,UFA
Solomon Thomas,DE,29.4,8.0,NYJ,3000000,UFA
DJ Chark,WR,28.3,7.0,LAC,3000000,UFA
Quandre Diggs,SS,32.0,10.0,TEN,3000000,UFA
Mike Hoecht,DT,27.2,4.0,LAR,2985000,UFA
Eric Stokes,CB,25.8,4.0,GB,2981381,UFA
John Jenkins,DT,35.5,12.0,LV,2938000,UFA
Emmanuel Moseley,CB,28.8,7.0,DET,2875000,UFA
Mason Rudolph,QB,29.5,7.0,TEN,2870000,UFA
Jourdan Lewis,CB,29.4,8.0,DAL,2827500,UFA
Cornelius Lucas,LT,33.5,10.0,WAS,2800000,UFA
Joe Tryon,OLB,25.8,4.0,TB,2792809,UFA
Daniel Brunskill,C,31.0,6.0,TEN,2750000,UFA
Jerry Tillery,DT,28.2,6.0,MIN,2750000,UFA
Jon Feliciano,G,32.9,10.0,SF,2750000,UFA
Mekhi Becton,G,25.8,5.0,PHI,2750000,UFA
Malik Harrison,LB,26.8,5.0,BAL,2742500,UFA
Akeem Davis-Gaither,LB,27.3,5.0,CIN,2742500,UFA
Tershawn Wharton,DE,26.6,5.0,KC,2742500,UFA
A.J. Dillon,RB,26.7,5.0,GB,2742500,UFA
Ashtyn Davis,S,28.2,5.0,NYJ,2742500,UFA
Easton Stick,QB,29.3,6.0,LAC,2667500,UFA
Marco Wilson,CB,25.8,4.0,CIN,2616000,UFA
Del'Shawn Phillips,LB,28.2,5.0,HOU,2600000,UFA
Mack Hollins,WR,31.3,8.0,BUF,2600000,UFA
Jerry Hughes,DE,36.4,15.0,HOU,2600000,UFA
Kelvin Beachum,LT,35.6,14.0,ARI,2575000,UFA
Sam Franklin,S,28.9,5.0,CAR,2575000,UFA
Kendall Lamm,RT,32.6,9.0,MIA,2575000,UFA
Johnny Hekker,P,34.9,13.0,CAR,2540000,UFA
Tanoh Kpassagnon,DE,30.6,8.0,NO,2500000,UFA
Duke Riley,OLB,30.4,8.0,MIA,2500000,UFA
Tremon Smith,CB,28.5,7.0,DEN,2500000,UFA
Wes Schweitzer,G,31.3,9.0,NYJ,2500000,UFA
Cooper Rush,QB,31.2,8.0,DAL,2500000,UFA
Isaiah Oliver,CB,28.3,7.0,NYJ,2500000,UFA
Mike Gesicki,TE,29.2,7.0,CIN,2500000,UFA
Leki Fotu,DT,26.4,5.0,NYJ,2500000,UFA
Cody Whitehair,G,32.5,9.0,LV,2500000,UFA
Dawuane Smoot,DE,29.8,8.0,BUF,2500000,UFA
Linval Joseph,DT,36.2,15.0,DAL,2500000,UFA
Cody Barton,ILB,28.2,6.0,DEN,2500000,UFA
Dalton Risner,G,29.5,6.0,MIN,2410000,UFA
Tyler Boyd,WR,30.2,9.0,TEN,2400000,UFA
Nick Harris,C,26.2,5.0,CLE,2395000,UFA
Evan Brown,G,28.3,7.0,ARI,2350000,UFA
Reggie Gilliam,FB,27.4,5.0,BUF,2300000,UFA
Denzel Perryman,ILB,32.1,10.0,LAC,2300000,UFA
Neville Hewitt,ILB,31.8,10.0,HOU,2300000,UFA
Nick Chubb,RB,29.1,7.0,CLE,2275000,UFA
Zach Pascal,WR,30.1,8.0,ARI,2250000,UFA
Jonathan Bullard,DE,31.2,9.0,MIN,2250000,UFA
Joshua Dobbs,QB,30.0,8.0,SF,2250000,UFA
Zay Jones,WR,29.8,9.0,ARI,2250000,UFA
Elijah Moore,WR,24.8,4.0,CLE,2235107,UFA
Javonte Williams,RB,24.8,4.0,DEN,2216438,UFA
Jevon Holland,FS,25.0,4.0,MIA,2179103,UFA
Braxton Berrios,WR,29.2,7.0,MIA,2150000,UFA
Amen Ogbongbemiga,LB,26.3,4.0,CHI,2100000,UFA
Corey Ballentine,CB,28.8,6.0,GB,2100000,UFA
Teven Jenkins,G,26.8,4.0,CHI,2096962,UFA
Kevin Givens,DT,27.8,5.0,SF,2067500,UFA
Richie Grant,S,27.2,4.0,ATL,2067091,UFA
Eddy Pineiro,K,29.3,6.0,CAR,2050000,UFA
Johnathan Hankins,DT,32.8,12.0,SEA,2050000,UFA
Levi Onwuzurike,DT,26.8,4.0,DET,2037223,UFA
Brandon Allen,QB,32.3,8.0,SF,2020000,UFA
Liam Eichenberg,G,27.0,4.0,MIA,2003620,UFA
Chuck Clark,S,29.8,8.0,NYJ,2000000,UFA
Robert Jones,G,26.0,4.0,MIA,2000000,UFA
Jamie Gillan,P,27.5,6.0,NYG,2000000,UFA
Travis Homer,RB,26.4,6.0,CHI,2000000,UFA
Nick Mullens,QB,29.8,6.0,MIN,2000000,UFA
JK Scott,P,28.2,6.0,LAC,2000000,UFA
Johnny Mundt,TE,30.2,7.0,MIN,2000000,UFA
Brandon Powell,WR,28.3,7.0,MIN,2000000,UFA
Jordan Poyer,FS,33.8,12.0,MIA,2000000,UFA
Nick Westbrook,WR,27.8,5.0,TEN,2000000,UFA
Olisaemeka Udoh,T,27.9,6.0,NO,2000000,UFA
Taven Bryan,DT,28.8,7.0,IND,2000000,UFA
Derek Barnett,DE,28.6,8.0,HOU,2000000,UFA
Alexander Mattison,RB,26.6,6.0,LV,2000000,UFA
Derrick Nnadi,DT,28.7,7.0,KC,2000000,UFA
Avonte Maddox,CB,28.8,7.0,PHI,2000000,UFA
Marcedes Lewis,TE,40.7,19.0,CHI,2000000,UFA
Calais Campbell,DE,38.3,17.0,MIA,2000000,UFA
Greg Van Roten,G,34.9,10.0,NYG,2000000,UFA
D.J. Humphries,LT,31.1,10.0,KC,2000000,UFA
Andrus Peat,T,31.2,10.0,LV,2000000,UFA
Nyheim Miller-Hines,RB,28.2,5.0,CLE,1995000,UFA
Trevon Moehrig,S,25.6,4.0,LV,1973752,UFA
Jordan Akins,TE,32.8,7.0,CLE,1950000,UFA
Siran Neal,S,30.4,7.0,MIA,1950000,UFA
Demetrius Flannigan-Fowles,LB,28.3,5.0,SF,1935000,UFA
Isaac Yiadom,CB,28.9,7.0,SF,1900000,UFA
David Quessenberry,RT,34.4,6.0,MIN,1885000,UFA
Isaiah Wynn,T,28.1,7.0,MIA,1885000,UFA
Ameer Abdullah,RB,31.6,10.0,LV,1850000,UFA
Jeremiah Ledbetter,DT,30.6,4.0,JAX,1850000,UFA
Asante Samuel Jr.,CB,25.2,4.0,LAC,1805737,UFA
Maurice Hurst,DT,29.7,7.0,CLE,1800000,UFA
Dan Feeney,C,30.7,8.0,MIN,1800000,UFA
Adam Butler,DT,30.8,7.0,LV,1800000,UFA
Michael Deiter,C,28.3,6.0,WAS,1800000,UFA
Trent Sherfield,WR,28.9,7.0,MIN,1790000,UFA
Poona Ford,DE,29.2,7.0,LAC,1790000,UFA
Jihad Ward,DE,30.7,9.0,MIN,1790000,UFA
Josh Jones,T,27.6,5.0,BAL,1790000,UFA
Troy Dye,LB,28.3,5.0,LAC,1790000,UFA
Benito Jones,DT,27.2,4.0,MIA,1790000,UFA
Aaron Banks,G,27.3,4.0,SF,1768400,UFA
Kentavius Street,DE,28.7,6.0,ATL,1765000,UFA
Eric Murray,FS,31.0,9.0,HOU,1750000,UFA
Trystan Colon-Castillo,C,26.8,6.0,ARI,1750000,UFA
Riley Dixon,P,31.4,9.0,DEN,1750000,UFA
Adoree' Jackson,CB,29.3,8.0,NYG,1750000,UFA
Rondale Moore,WR,24.6,4.0,ATL,1731060,UFA
Daniel Ekuale,DT,31.0,6.0,NE,1700000,UFA
Justin Watson,WR,29.8,7.0,KC,1700000,UFA
Kris Boyd,CB,28.3,6.0,HOU,1700000,UFA
Azeez Ojulari,DE,24.6,4.0,NYG,1693727,UFA
Khalil Davis,DT,28.4,4.0,SF,1650000,UFA
Mario Edwards,DE,31.0,10.0,HOU,1650000,UFA
JK Dobbins,RB,26.1,5.0,LAC,1610000,UFA
Dillon Radunz,T,26.8,4.0,TEN,1581718,UFA
Chris Conley,WR,32.2,10.0,SF,1550000,UFA
Dayo Odeyingbo,DE,25.3,4.0,IND,1544381,UFA
Trenton Scott,RT,31.0,7.0,WAS,1510000,UFA
Elijah Campbell,S,29.4,4.0,MIA,1505000,UFA
Chase Edmonds,RB,28.8,7.0,TB,1500000,UFA
Devin Bush,ILB,26.5,6.0,CLE,1500000,UFA
K'Von Wallace,S,27.5,5.0,SEA,1500000,UFA
Tavierre Thomas,CB,28.8,7.0,TB,1500000,UFA
Dare Ogunbowale,RB,30.7,6.0,HOU,1500000,UFA
Samaje Perine,RB,29.3,8.0,KC,1500000,UFA
TuTu Atwell,WR,25.2,4.0,LAR,1477175,UFA
Nick Bolton,LB,24.8,4.0,KC,1458508,UFA
JaMycal Hasty,RB,28.3,5.0,NE,1450000,UFA
Kenny Yeboah,TE,26.2,4.0,NYJ,1425000,UFA
Khalil Dorsey,CB,26.8,4.0,DET,1400000,UFA
Christian Rozeboom,LB,28.0,4.0,LAR,1400000,UFA
Josh Myers,C,26.5,4.0,GB,1395034,UFA
Kyle Trask,QB,26.8,4.0,TB,1383834,UFA
Morgan Cox,LS,38.8,15.0,TEN,1377500,UFA
Jon Weeks,LS,38.9,15.0,HOU,1377500,UFA
Patrick Scales,LS,36.9,9.0,CHI,1377500,UFA
J.J. Jansen,LS,39.0,17.0,CAR,1377500,UFA
Anthony Walker Jr.,ILB,29.4,8.0,MIA,1377500,UFA
James Winchester,LS,35.4,10.0,KC,1377500,UFA
Brent Urban,DE,33.7,11.0,BAL,1377500,UFA
Josh Johnson,QB,38.7,12.0,BAL,1377500,UFA
C.J. Goodwin,CB,34.9,9.0,DAL,1377500,UFA
Aaron Brewer,LS,34.5,14.0,ARI,1377500,UFA
Michael Dunn,T,30.4,5.0,CLE,1377500,UFA
Casey Kreiter,LS,34.4,9.0,NYG,1377500,UFA
Chris Manhertz,TE,32.8,9.0,NYG,1377500,UFA
Eric Wilson,OLB,30.3,8.0,GB,1377500,UFA
Rodney McLeod,FS,34.6,13.0,CLE,1377500,UFA
Antonio Hamilton,CB,32.0,9.0,ATL,1377500,UFA
Kamu Grugier-Hill,OLB,30.7,9.0,MIN,1377500,UFA
William Gholston,DE,33.5,12.0,TB,1377500,UFA
John Johnson,SS,29.1,8.0,LAR,1377500,UFA
Marcus Maye,S,30.8,8.0,LAC,1377500,UFA
C.J. Uzomah,TE,32.0,10.0,PHI,1377500,UFA
Iosua Opeta,G,28.4,5.0,TB,1375000,UFA
Cody Ford,T,28.1,6.0,CIN,1350000,UFA
Caleb Johnson,LB,26.5,4.0,JAX,1350000,UFA
Lucas Patrick,G,31.5,8.0,NO,1347500,UFA
Steven Sims Jr.,WR,27.8,4.0,BAL,1325000,UFA
Jamison Crowder,WR,31.6,10.0,WAS,1310000,UFA
Andre Cisco,FS,24.8,4.0,JAX,1309125,UFA
Justin Strnad,LB,28.4,5.0,DEN,1305000,UFA
Ian Thomas,TE,28.6,7.0,CAR,1300000,UFA
Joseph Ossai,DE,24.8,4.0,CIN,1298154,UFA
L.J. Collier,DE,29.3,7.0,ARI,1292500,UFA
Michael Badgley,K,29.5,6.0,DET,1292500,UFA
Gunner Olszewski,WR,28.2,6.0,NYG,1292500,UFA
Trent Sieg,LS,29.7,7.0,DAL,1292500,UFA
Ty Johnson,RB,27.3,6.0,BUF,1292500,UFA
Khadarel Hodge,WR,30.0,7.0,ATL,1292500,UFA
Storm Norton,RT,30.7,5.0,ATL,1292500,UFA
Van Jefferson,WR,28.5,5.0,PIT,1292500,UFA
Jake Martin,OLB,29.1,7.0,CHI,1292500,UFA
Tanner Hudson,TE,30.2,5.0,CIN,1292500,UFA
Matt Peart,T,27.6,5.0,DEN,1292500,UFA
Jaylinn Hawkins,S,27.4,5.0,NE,1292500,UFA
Aaron Stinnie,G,30.9,7.0,NYG,1292500,UFA
Trevis Gipson,DE,27.6,5.0,SEA,1292500,UFA
Chris Board,LB,29.5,7.0,BAL,1292500,UFA
Da'shawn Hand,DE,29.2,7.0,MIA,1292500,UFA
Noah Igbinoghene,CB,25.2,5.0,WAS,1292500,UFA
Nick Scott,SS,29.7,6.0,CAR,1292500,UFA
Kyle Allen,QB,28.8,6.0,PIT,1292500,UFA
Kindle Vildor,CB,27.1,5.0,DET,1292500,UFA
James Smith-Williams,DE,27.5,5.0,ATL,1292500,UFA
Deonte Harty,WR,27.1,6.0,BAL,1292500,UFA
Chuma Edoga,T,27.7,6.0,DAL,1292500,UFA
Cameron Brown,LB,26.8,5.0,MIA,1292500,UFA
Will Harris,S,29.1,6.0,NO,1292500,UFA
Ross Dwelley,TE,30.0,7.0,ATL,1292500,UFA
Matthew Adams,ILB,29.1,7.0,NYG,1292500,UFA
Eric Saubert,TE,30.7,7.0,SF,1292500,UFA
Rock Ya-Sin,CB,28.7,6.0,SF,1292500,UFA
Krys Barnes,ILB,26.8,6.0,ARI,1292500,UFA
Brady Christensen,G,28.3,4.0,CAR,1290819,UFA
Milton Williams,DT,25.8,4.0,PHI,1277543,UFA
Benjamin St-Juste,CB,27.3,4.0,WAS,1275188,UFA
D’Ernest Johnson,RB,28.9,6.0,JAX,1275000,UFA
Olamide Zaccheaus,WR,27.5,6.0,WAS,1275000,UFA
Joe Bachie,LB,26.9,5.0,CIN,1275000,UFA
Osa Odighizuwa,DT,26.4,4.0,DAL,1271548,UFA
Joey Slye,K,28.8,6.0,NE,1267500,UFA
Paulson Adebo,CB,25.5,4.0,NO,1260090,UFA
Le'Raven Clark,RT,31.8,8.0,PHI,1260000,UFA
Rick Lovato,LS,32.3,8.0,PHI,1260000,UFA
MyCole Pruitt,TE,32.8,9.0,PIT,1260000,UFA
Josh Palmer,WR,25.3,4.0,LAC,1258110,UFA
Rico Dowdle,RB,27.0,5.0,DAL,1255000,UFA
Justin Skule,T,28.2,5.0,TB,1255000,UFA
Fred Johnson,T,27.6,6.0,PHI,1252500,UFA
Malcolm Koonce,DE,26.6,4.0,LV,1249490,UFA
Divine Deablo,LB,26.4,4.0,LV,1245208,UFA
Hunter Long,TE,26.4,4.0,LAR,1242177,UFA
River Cracraft,WR,30.2,6.0,MIA,1240000,UFA
Dyami Brown,WR,25.2,4.0,WAS,1236000,UFA
Tommy Tremble,TE,24.6,4.0,CAR,1231608,UFA
Chauncey Golston,DE,26.9,4.0,DAL,1229147,UFA
Michael Jackson,CB,28.0,4.0,CAR,1222500,UFA
Danny Pinter,C,28.6,5.0,IND,1222500,UFA
Kendrick Green,G,26.1,4.0,HOU,1218942,UFA
Patrick Jones,OLB,26.3,4.0,MIN,1217526,UFA
Russell Wilson,QB,36.2,13.0,PIT,1210000,UFA
Vonn Bell,SS,30.1,9.0,CIN,1210000,UFA
Mike Pennel,DT,33.7,10.0,KC,1210000,UFA
Eddie Goldman,DT,31.0,8.0,ATL,1210000,UFA
Laken Tomlinson,G,32.9,10.0,SEA,1210000,UFA
Cameron Sutton,CB,29.9,8.0,PIT,1210000,UFA
Tyler Matakevich,ILB,32.1,9.0,PIT,1210000,UFA
Fabian Moreau,CB,30.8,8.0,MIN,1210000,UFA
Conor McDermott,T,32.2,8.0,LAR,1210000,UFA
JuJu Smith-Schuster,WR,28.2,8.0,KC,1210000,UFA
Noah Brown,WR,29.0,8.0,WAS,1210000,UFA
Kyle Peko,DT,31.5,7.0,DET,1210000,UFA
Quinton Jefferson,DT,31.8,9.0,BUF,1210000,UFA
Jordan Phillips,DT,32.3,10.0,BUF,1210000,UFA
C.J. Beathard,QB,31.2,8.0,JAX,1210000,UFA
Elijah Wilkinson,T,29.9,8.0,ATL,1210000,UFA
Germain Ifedi,T,30.6,9.0,CLE,1210000,UFA
Geoff Swaim,TE,31.3,10.0,CLE,1210000,UFA
Michael Burton,FB,32.9,10.0,DEN,1210000,UFA
Nick Vigil,OLB,31.4,9.0,DAL,1210000,UFA
Teddy Bridgewater,QB,32.2,10.0,DET,1210000,UFA
Allen Robinson,WR,31.4,11.0,DET,1210000,UFA
Ezekiel Turner,OLB,28.6,7.0,DET,1210000,UFA
Brandon McManus,K,33.5,11.0,GB,1210000,UFA
Mark Glowinski,G,32.7,9.0,IND,1210000,UFA
Ronnie Harrison,S,27.8,7.0,IND,1210000,UFA
Kareem Hunt,RB,29.4,8.0,KC,1210000,UFA
Eli Apple,CB,29.4,9.0,LAC,1210000,UFA
Tony Jefferson,SS,33.0,10.0,LAC,1210000,UFA
Jake McQuaide,LS,37.1,14.0,MIA,1210000,UFA
Chris Hubbard,RT,33.8,11.0,NYG,1210000,UFA
Jalen Mills,CB,30.8,9.0,NYJ,1210000,UFA
Tashaun Gipson,FS,34.4,13.0,SF,1210000,UFA
Pat O'Donnell,P,33.9,10.0,SF,1210000,UFA
Artie Burns,CB,29.7,9.0,SEA,1210000,UFA
Shaquil Barrett,OLB,32.2,9.0,TB,1210000,UFA
Troy Hill,CB,33.4,9.0,TB,1210000,UFA
Sterling Shepard,WR,31.9,9.0,TB,1210000,UFA
Justin Hardee,CB,30.9,8.0,TEN,1210000,UFA
Daryl Worley,CB,29.9,9.0,TEN,1210000,UFA
Nick Bellore,FB,35.7,14.0,WAS,1210000,UFA
Sheldon Day,DT,30.5,8.0,WAS,1210000,UFA
Ben Cleveland,G,26.4,4.0,BAL,1205134,UFA
Robert Hainsey,C,26.4,4.0,TB,1201593,UFA
Deandre Carter,WR,31.8,7.0,CHI,1200000,UFA
Elijah Molden,CB,26.0,4.0,LAC,1196463,UFA
Ifeatu Melifonwu,CB,25.7,4.0,DET,1196463,UFA
Ernest Jones,LB,25.2,4.0,SEA,1196463,UFA
Brandon Stephens,CB,27.1,4.0,BAL,1196463,UFA
Baron Browning,LB,25.9,5.0,ARI,1196463,UFA
Matt Pryor,G,30.1,7.0,CHI,1175000,UFA
Larrell Murchison,DT,27.8,5.0,LAR,1175000,UFA
Cam Akers,RB,25.6,4.0,MIN,1175000,UFA
Dan Skipper,T,30.3,6.0,DET,1150000,UFA
Reid Ferguson,LS,30.8,8.0,BUF,1147500,UFA
Adam Prentice,FB,28.0,4.0,NO,1130000,UFA
Tyler Johnson,WR,26.4,4.0,LAR,1130000,UFA
Trayvon Mullen,CB,27.3,5.0,BAL,1125000,UFA
Bryce Hall,CB,27.2,5.0,TB,1125000,UFA
Bradley Bozeman,C,30.2,7.0,LAC,1125000,UFA
Hakeem Adeniji,G,27.1,5.0,CLE,1125000,UFA
David Moore,WR,30.0,6.0,CAR,1125000,UFA
Hayden Hurst,TE,31.4,7.0,LAC,1125000,UFA
Jeff Driskel,QB,31.8,8.0,WAS,1125000,UFA
Jeremy McNichols,RB,29.1,4.0,WAS,1125000,UFA
Mykal Walker,OLB,27.4,5.0,WAS,1125000,UFA
Troy Reeder,LB,30.3,6.0,LAR,1125000,UFA
Andre Dillard,T,29.2,6.0,GB,1125000,UFA
Oshane Ximines,OLB,28.1,5.0,NE,1125000,UFA
Justin Herron,T,29.2,5.0,NO,1125000,UFA
Elijah Riley,CB,26.6,5.0,NYG,1125000,UFA
Mecole Hardman,WR,26.8,6.0,KC,1125000,UFA
Ben Niemann,LB,29.5,7.0,DET,1125000,UFA
Teair Tart,DT,27.9,5.0,LAC,1125000,UFA
Darnay Holmes,CB,26.6,5.0,LV,1125000,UFA
Ben Bartch,G,26.5,5.0,SF,1125000,UFA
D'Onta Foreman,RB,28.8,8.0,CLE,1125000,UFA
Trayveon Williams,RB,27.2,6.0,CIN,1125000,UFA
Brett Rypien,QB,28.5,5.0,MIN,1125000,UFA
Oren Burks,ILB,29.8,7.0,PHI,1125000,UFA
Julian Okwara,OLB,27.1,6.0,ARI,1125000,UFA
Khaleke Hudson,ILB,27.1,5.0,CLE,1125000,UFA
Michael Ford,CB,29.4,7.0,CLE,1125000,UFA
Marquez Valdes-Scantling,WR,30.2,7.0,NO,1125000,UFA
Devin White,ILB,26.9,6.0,HOU,1125000,UFA
Mike Edwards,S,28.7,6.0,TB,1125000,UFA
Jackson Barton,LT,29.4,5.0,ARI,1125000,UFA
Michael Palardy,P,32.5,7.0,ARI,1125000,UFA
Demone Harris,DE,29.1,5.0,ATL,1125000,UFA
Kevin King,CB,29.7,6.0,ATL,1125000,UFA
Kristian Welch,ILB,28.1,5.0,BAL,1125000,UFA
Adrian Colbert,S,31.2,5.0,CHI,1125000,UFA
Byron Cowart,DT,28.7,5.0,CHI,1125000,UFA
Tarvarius Moore,S,28.4,6.0,CHI,1125000,UFA
Tony Brown,CB,28.5,6.0,CLE,1125000,UFA
Geron Christian,LT,28.3,7.0,CLE,1125000,UFA
James Proche,WR,28.3,5.0,CLE,1125000,UFA
Mike Boone,RB,29.6,7.0,CAR,1125000,UFA
Lonnie Johnson,CB,27.7,6.0,CAR,1125000,UFA
DeShawn Williams,DT,32.1,6.0,CAR,1125000,UFA
Zach Cunningham,ILB,30.1,8.0,DEN,1125000,UFA
Carl Lawson,DE,29.6,8.0,DAL,1125000,UFA
Amani Oruwariye,CB,28.9,5.0,DAL,1125000,UFA
Carlos Watkins,DE,31.1,8.0,DAL,1125000,UFA
Al-Quadin Muhammad,DE,29.8,7.0,DET,1125000,UFA
Pat O'Connor,DE,31.2,6.0,DET,1125000,UFA
Tim Patrick,WR,31.2,7.0,DET,1125000,UFA
Irv Smith,TE,26.4,5.0,HOU,1125000,UFA
David Long,CB,26.9,6.0,IND,1125000,UFA
Josiah Deguara,TE,27.9,5.0,JAX,1125000,UFA
Neville Gallimore,DE,28.0,5.0,LAR,1125000,UFA
Ahkello Witherspoon,CB,29.8,8.0,LAR,1125000,UFA
Sam Mustipher,C,28.4,5.0,LAC,1125000,UFA
Shaq Quarterman,LB,27.2,5.0,LAC,1125000,UFA
Jalen Reagor,WR,26.0,5.0,LAC,1125000,UFA
Tyus Bowser,OLB,29.7,7.0,MIA,1125000,UFA
Matt Dickerson,DT,29.2,5.0,MIA,1125000,UFA
Tyler Huntley,QB,26.9,5.0,MIA,1125000,UFA
Lester Cotton,G,28.9,3.0,NE,1125000,RFA
Ugo Amadi,S,27.7,6.0,NO,1125000,UFA
Dante Pettis,WR,29.2,7.0,NO,1125000,UFA
Tim Boyle,QB,30.2,6.0,NYG,1125000,UFA
Ty Summers,ILB,29.1,6.0,NYG,1125000,UFA
Armon Watts,DT,28.5,6.0,NYG,1125000,UFA
Sam Eguavoen,OLB,31.9,6.0,NYJ,1125000,UFA
Greg Joseph,K,30.4,6.0,NYJ,1125000,UFA
Kendall Sheffield,CB,28.7,4.0,NYJ,1125000,UFA
Jack Driscoll,G,27.8,5.0,PHI,1125000,UFA
Nick Gates,C,29.2,7.0,PHI,1125000,UFA
Calvin Anderson,LT,28.8,6.0,PIT,1125000,UFA
James Pierre,CB,28.3,5.0,PIT,1125000,UFA
Max Scharping,G,28.4,6.0,PIT,1125000,UFA
Charlie Heck,RT,28.2,5.0,SF,1125000,UFA
Luke Gifford,ILB,29.4,6.0,TEN,1125000,UFA
Josh Kelley,RB,27.2,5.0,TEN,1125000,UFA
Corey Levin,C,30.4,6.0,TEN,1125000,UFA
Nick Vannett,TE,31.8,9.0,TEN,1125000,UFA
Zane Gonzalez,K,29.7,7.0,WAS,1125000,UFA
Jalyn Holmes,DE,29.0,5.0,WAS,1125000,UFA
Austin Seibert,K,28.2,4.0,WAS,1125000,UFA
Craig Reynolds,RB,28.6,3.0,DET,1080000,RFA
Jay Tufele,DT,25.5,4.0,CIN,1076422,UFA
Tyler Davis,TE,27.8,5.0,GB,1075000,UFA
James Hudson,RT,25.7,4.0,CLE,1068104,UFA
Greg Dortch,WR,26.7,6.0,ARI,1067500,UFA
Cameron Sample,DE,25.3,4.0,CIN,1067036,UFA
Derrick Barnes,LB,25.7,4.0,DET,1065301,UFA
Drew Dalman,C,26.2,4.0,ATL,1064180,UFA
Bobby Brown,DT,24.4,4.0,LAR,1059133,UFA
Chris Rumph II,DE,26.2,4.0,LAC,1058386,UFA
Isaiah Rodgers,CB,27.0,4.0,PHI,1055000,UFA
Malik Taylor,WR,29.1,4.0,NYJ,1055000,UFA
Nsimba Webster,WR,29.0,4.0,CHI,1055000,UFA
Simi Fehoko,WR,27.2,4.0,LAC,1055000,UFA
Netane Muti,G,25.8,4.0,DET,1055000,UFA
Curtis Robinson,ILB,26.6,3.0,SF,1055000,RFA
Trey Sermon,RB,26.0,4.0,IND,1055000,UFA
Marlon Davidson,DT,26.7,4.0,TEN,1055000,UFA
Harrison Hand,CB,26.2,3.0,ATL,1055000,RFA
Marlon Tuipulotu,DT,25.7,4.0,KC,1055000,UFA
James Lynch,DT,26.0,5.0,TEN,1055000,UFA
Jack Stoll,TE,27.0,4.0,MIA,1055000,UFA
Naquan Jones,DT,26.9,5.0,ARI,1055000,UFA
Josh Woods,LB,28.5,5.0,ATL,1055000,UFA
Jake Curhan,RT,26.9,4.0,CHI,1055000,UFA
Scott Daly,LS,30.9,4.0,CHI,1055000,UFA
Darrynton Evans,RB,26.5,5.0,CHI,1055000,UFA
Collin Johnson,WR,27.3,4.0,CHI,1055000,UFA
John Kelly,RB,28.2,1.0,CLE,1055000,ERFA
Caleb Farley,CB,26.2,4.0,CAR,1055000,UFA
Cam Gill,OLB,27.1,5.0,CAR,1055000,UFA
Dan Chisena,WR,27.9,3.0,CAR,1055000,RFA
Jonah Williams,DE,29.4,4.0,DET,1055000,UFA
Anthony Pittman,ILB,28.2,3.0,DET,1055000,RFA
Robert Rochell,CB,26.8,4.0,GB,1055000,UFA
Myles Bryant,CB,27.0,5.0,HOU,1055000,UFA
Ka'dar Hollman,CB,30.3,4.0,HOU,1055000,UFA
Blake Hance,G,29.0,4.0,JAX,1055000,UFA
Jody Fortson,TE,29.1,4.0,KC,1055000,UFA
Terrace Marshall,WR,24.6,4.0,LV,1055000,UFA
Jackson Carman,LT,25.0,4.0,MIA,1055000,UFA
D'Wayne Eskridge,WR,27.8,4.0,MIA,1055000,UFA
Shemar Jean-Charles,CB,26.6,4.0,NO,1055000,UFA
Shane Lemieux,C,27.7,5.0,NO,1055000,UFA
Ihmir Smith-Marsette,WR,25.4,4.0,NYG,1055000,UFA
Jamin Davis,OLB,26.1,4.0,NYJ,1055000,UFA
Jake Hanson,G,27.8,4.0,NYJ,1055000,UFA
Kene Nwangwu,RB,26.9,4.0,NYJ,1055000,UFA
Ben Skowronek,WR,27.6,4.0,PIT,1055000,UFA
Patrick Taylor,RB,26.8,4.0,SF,1055000,UFA
John Bates,TE,27.2,4.0,WAS,1050604,UFA
Camryn Bynum,FS,26.5,4.0,MIN,1049453,UFA
Kylen Granson,TE,26.8,4.0,IND,1046592,UFA
Dan Moore,T,26.3,4.0,PIT,1044476,UFA
Tylan Wallace,WR,25.7,4.0,BAL,1041341,UFA
Tre Brown,CB,27.3,4.0,SEA,1030166,UFA
Juwann Winfree,WR,28.3,4.0,IND,1010000,UFA
Roy Lopez,DT,27.4,5.0,ARI,1002500,UFA
Andre Chachere,S,28.9,3.0,ARI,1002500,RFA
Zayne Anderson,S,28.0,2.0,GB,997500,ERFA
Garret Wallow,LB,26.0,4.0,TEN,997500,UFA
D'ante Smith,T,26.6,4.0,CIN,994836,UFA
Royce Newman,G,27.4,4.0,TB,994836,UFA
Malik Herring,DE,27.2,3.0,KC,985000,RFA
Theo Jackson,CB,26.2,3.0,MIN,985000,RFA
Britain Covey,WR,27.8,3.0,PHI,985000,RFA
Chris Williams,DT,26.6,3.0,CHI,985000,RFA
Quinton Bell,OLB,28.7,3.0,MIA,985000,RFA
Anthony Schwartz,WR,24.3,3.0,MIA,985000,RFA
Christian Matthew,CB,28.2,3.0,BAL,985000,RFA
Liam McCullough,LS,27.6,3.0,ATL,985000,RFA
Ronnie Rivers,RB,26.0,3.0,LAR,985000,RFA
Cal Adomitis,LS,26.5,3.0,CIN,985000,RFA
Ryan Neuzil,C,27.5,3.0,ATL,985000,RFA
Nathan Landman,ILB,26.2,3.0,ATL,985000,RFA
Foster Sarell,T,26.4,3.0,LAC,985000,RFA
Quintin Morris,TE,26.0,3.0,BUF,985000,RFA
Julius Chestnut,RB,24.2,3.0,TEN,985000,RFA
Raheem Blackshear,RB,26.6,3.0,CAR,985000,RFA
Jack Gibbens,LB,26.2,2.0,TEN,985000,ERFA
Ar'Darius Washington,S,25.2,3.0,BAL,985000,RFA
Nazeeh Johnson,CB,26.5,3.0,KC,985000,RFA
Jack Cochrane,LB,25.9,3.0,KC,985000,RFA
Christian Elliss,DE,26.0,3.0,NE,985000,RFA
Zach Thomas,G,26.7,3.0,HOU,985000,RFA
Jaelon Darden,WR,26.0,3.0,SEA,985000,RFA
Desmond Ridder,QB,25.4,3.0,LV,985000,RFA
Stephen Carlson,TE,28.1,4.0,CHI,985000,UFA
Bailey Zappe,QB,25.8,3.0,CLE,985000,RFA
Michael Dwumfour,DT,27.0,1.0,CLE,985000,ERFA
Cade York,K,24.0,2.0,CIN,985000,ERFA
Feleipe Franks,QB,27.1,4.0,CAR,985000,UFA
Velus Jones,WR,27.7,3.0,CAR,985000,RFA
Cade Mays,G,25.8,3.0,CAR,985000,RFA
Deven Thompkins,WR,25.1,3.0,CAR,985000,RFA
Myles Adams,DE,26.8,3.0,DET,985000,RFA
Shane Zylstra,TE,28.2,3.0,DET,985000,RFA
John FitzPatrick,TE,24.8,3.0,GB,985000,RFA
Joe Giles-Harris,ILB,27.8,1.0,JAX,985000,ERFA
Peyton Hendershot,TE,25.8,3.0,KC,985000,RFA
Keith Taylor,CB,26.2,3.0,KC,985000,RFA
Sam Webb,CB,26.7,2.0,LV,985000,ERFA
Zach Carter,DT,25.8,3.0,LV,985000,RFA
Bruce Hector,DT,30.2,3.0,NYJ,985000,RFA
Josh Jobe,CB,26.8,3.0,SEA,985000,RFA
Eric Banks,DE,27.0,4.0,TB,985000,UFA
Ryan Neal,SS,29.1,4.0,TB,985000,UFA
Kyle Hinton,G,26.9,3.0,ATL,977500,RFA
Luke Farrell,TE,26.2,4.0,JAX,959505,UFA
Jamien Sherwood,ILB,25.0,4.0,NYJ,958714,UFA
Ta'Quon Graham,DT,26.1,4.0,ATL,957653,UFA
Kenneth Gainwell,RB,25.8,4.0,PHI,953882,UFA
Larry Borom,T,25.8,4.0,CHI,953270,UFA
Jaylon Moore,LT,27.5,4.0,SF,950758,UFA
Isaiahh Loudermilk,DE,27.2,4.0,PIT,950072,UFA
Brenden Jaimes,OL,25.7,4.0,LAC,949445,UFA
Tommy Doyle,T,26.7,4.0,BUF,948931,UFA
Darrick Forrest,S,25.7,4.0,WAS,947768,UFA
Nate Hobbs,CB,25.6,4.0,LV,945763,UFA
Chazz Surratt,LB,27.9,3.0,NYJ,942500,RFA
Tedarrell Slaton,DT,27.2,4.0,GB,940130,UFA
Jason Pinnock,FS,25.6,4.0,NYG,937613,UFA
K.J. Britt,LB,25.6,4.0,TB,936574,UFA
Talanoa Hufanga,S,25.9,4.0,SF,930038,UFA
Avery Williams,RB,30.3,4.0,ATL,930038,UFA
Nephi Sewell,OLB,26.1,2.0,NO,927500,ERFA
Mike Brown,S,25.8,2.0,TEN,927500,ERFA
Kion Smith,T,26.2,2.0,MIA,927500,ERFA
Joey Blount,S,26.2,4.0,ARI,927500,RFA
Brock Hoffman,C,25.5,2.0,DAL,927500,ERFA
D.J. Turner,WR,28.0,3.0,LV,927500,RFA
Janarius Robinson,DE,26.7,4.0,LV,927500,UFA
J.J. Russell,LB,26.2,3.0,TB,927500,RFA
Chandler Wooten,ILB,26.8,2.0,CAR,927500,ERFA
Nick Niemann,ILB,27.1,4.0,LAC,923501,UFA
Elijah Mitchell,RB,26.7,4.0,SF,915892,UFA
Bo Melton,WR,25.7,1.0,GB,915000,ERFA
Brady Russell,TE,26.4,2.0,SEA,915000,ERFA
Daniel Hardy,DE,26.1,2.0,CHI,915000,ERFA
Bill Murray,DT,27.5,1.0,CHI,915000,ERFA
De’Shaan Dixon,OLB,26.1,2.0,JAX,915000,ERFA
Esezi Otomewo,DE,26.1,1.0,JAX,915000,ERFA
Doug Kramer,C,26.6,3.0,CHI,915000,RFA
Dalton Keene,TE,25.8,3.0,HOU,915000,RFA
Ryan McCollum,C,26.8,2.0,PIT,915000,ERFA
Arron Mosby,LB,25.8,2.0,GB,915000,ERFA
Jeremiah Moon,OLB,25.4,2.0,PIT,915000,ERFA
Jake Tonges,TE,25.5,2.0,SF,915000,ERFA
Alex Austin,CB,23.7,2.0,NE,915000,ERFA
Mike Caliendo,G,27.2,2.0,KC,915000,ERFA
Daniel Whelan,P,25.9,2.0,GB,915000,ERFA
Emanuel Wilson,RB,25.7,2.0,GB,915000,ERFA
Carter O'Donnell,G,26.1,3.0,ARI,915000,RFA
Josh Ross,ILB,25.2,2.0,SEA,915000,ERFA
Ameer Speed,CB,24.2,2.0,CHI,915000,ERFA
Jonathan Ford,DT,26.3,1.0,CHI,915000,ERFA
Blake Whiteheart,TE,24.8,2.0,CLE,915000,ERFA
Raequan Williams,DT,27.9,2.0,CAR,915000,ERFA
Tucker Fisk,TE,26.0,2.0,LAC,915000,ERFA
Ben Brown,G,26.7,2.0,NE,915000,ERFA
Tomon Fox,OLB,26.8,2.0,NYG,915000,ERFA
Divaad Wilson,CB,25.0,2.0,NYG,915000,ERFA
Alex Barrett,DE,30.8,1.0,SF,915000,ERFA
Jalen Graham,ILB,24.0,2.0,SF,915000,ERFA
Sam Okuayinonu,DE,26.7,2.0,SF,915000,ERFA
Cody White,WR,26.2,2.0,SEA,915000,ERFA
Kaevon Merriweather,S,25.1,2.0,TB,915000,ERFA
Chris Rodriguez Jr.,RB,24.3,2.0,WAS,915000,ERFA
Brandin Echols,CB,27.2,4.0,NYJ,913546,UFA
Chris Evans,RB,27.2,4.0,CIN,913222,UFA
Landon Young,T,27.4,4.0,NO,912445,UFA
Stone Forsythe,T,27.1,4.0,SEA,911656,UFA
Victor Dimukeje,OLB,25.2,5.0,ARI,910465,UFA
Damar Hamlin,S,26.8,4.0,BUF,910119,UFA
Khalil Herbert,RB,26.8,4.0,CIN,902677,UFA
Sam Ehlinger,QB,26.3,4.0,IND,902677,UFA
Isaiah McDuffie,OLB,25.5,4.0,GB,902677,UFA
Trey Smith,G,25.6,4.0,KC,902677,UFA
Israel Mukuamu,CB,25.2,4.0,DAL,902677,UFA
Trevor Nowaske,ILB,26.2,2.0,DET,898333,ERFA
Patrick Johnson,OLB,26.0,4.0,NYG,896469,UFA
Irvin Charles,WR,27.8,2.0,NYJ,892500,ERFA
Chance Campbell,ILB,25.2,2.0,TEN,892500,RFA
Will Fries,G,26.8,4.0,IND,891344,UFA
Grant Stuard,OLB,26.2,4.0,IND,889061,UFA
Cole Van Lanen,G,26.8,3.0,JAX,882500,RFA
Quinn Bailey,T,29.2,4.0,DEN,882500,UFA
Josh Blackwell,CB,25.8,3.0,CHI,870000,RFA
Trevor Denbow,S,26.4,3.0,IND,870000,RFA
Micah Abernathy,S,27.9,2.0,ATL,870000,ERFA
Xavier Newman-Johnson,G,25.4,2.0,NYJ,867500,ERFA
Kader Kohou,CB,26.2,3.0,MIA,863333,RFA
Kurt Hinish,DT,25.8,3.0,HOU,861667,RFA
Markquese Bell,S,26.0,3.0,DAL,858333,RFA
Jaylen Warren,RB,26.2,3.0,PIT,857333,RFA
Dee Alford,S,27.2,3.0,ATL,856833,RFA
Jordan Mason,RB,25.7,3.0,SF,856667,RFA
Wesley French,C,28.2,3.0,IND,856667,RFA
Tony Adams,FS,26.0,3.0,NYJ,856667,RFA
Luke Masterson,OLB,27.0,3.0,LV,856667,RFA
Ryan Stonehouse,P,25.7,3.0,TEN,856667,RFA
D’Anthony Bell,S,28.2,3.0,CLE,855833,RFA
Jake Hansen,OLB,26.6,3.0,HOU,855833,RFA
Jack Sanborn,LB,24.5,3.0,CHI,855833,RFA
Stone Smartt,TE,26.2,3.0,LAC,855000,RFA
Jake Hummel,ILB,26.0,3.0,LAR,855000,RFA
Ryan Wright,P,24.6,3.0,MIN,855000,RFA
Jaylon Jones,S,27.2,3.0,CHI,854167,RFA
Tim Jones,WR,26.8,3.0,JAX,853333,RFA
Kavontae Turpin,WR,28.4,3.0,DAL,853333,RFA
Mitchell Fraboni,LS,28.2,3.0,DEN,853333,RFA
Alec Anderson,T,25.2,2.0,BUF,836750,ERFA
Juanyeh Thomas,S,24.6,2.0,DAL,832500,ERFA
LaBryan Ray,DT,27.1,2.0,CAR,832500,ERFA
Tommy DeVito,QB,26.4,2.0,NYG,832500,ERFA
Travis Vokolek,TE,26.6,1.0,ARI,832500,ERFA
Lucas Krull,TE,26.5,2.0,DEN,832500,ERFA
Ben VanSumeren,LB,24.7,2.0,PHI,832500,ERFA
Otis Reese,LB,26.5,2.0,TEN,832500,ERFA
Keondre Coburn,DT,24.7,2.0,TEN,832500,ERFA
Tyrus Wheat,DE,25.1,2.0,DAL,832500,ERFA
Cameron Goode,OLB,26.8,1.0,MIA,832500,ERFA
Jeremiah Pharms,DT,28.2,2.0,NE,832500,ERFA
Andrew Rupcich,T,25.8,1.0,TEN,832500,ERFA
Ja’Quan McMillian,CB,24.6,2.0,DEN,830000,ERFA
Douglas Coleman,S,26.6,1.0,CHI,795000,ERFA
Jaxson Kirkland,G,26.5,1.0,CIN,795000,ERFA
Jordan Jackson,DT,27.0,1.0,DEN,795000,ERFA
Devon Key,S,26.8,1.0,DEN,795000,ERFA
Dyontae Johnson,LB,24.3,1.0,NYG,795000,ERFA
Kadeem Telfort,T,26.2,1.0,GB,795000,ERFA
Owen Wright,RB,25.9,1.0,BAL,795000,ERFA
Michael Niese,T,27.0,1.0,DET,795000,ERFA
JaQuae Jackson,WR,25.0,1.0,NE,795000,ERFA
Ryan Rehkow,P,26.3,1.0,CIN,795000,ERFA
Ryan Coll,G,23.9,1.0,IND,795000,ERFA
Grant DuBose,WR,23.6,1.0,MIA,795000,ERFA
Demontrey Jacobs,LT,26.2,1.0,NE,795000,ERFA
Dylan McMahon,C,25.1,1.0,LAR,795000,ERFA
Robert Burns,FB,26.3,1.0,ATL,795000,ERFA
Winston Reid,OLB,25.4,1.0,CLE,795000,ERFA
Cam Grandy,TE,24.2,1.0,CIN,795000,ERFA
Dondrea Tillman,OLB,26.8,1.0,DEN,795000,ERFA
Mitchell Agude,DE,25.8,,DET,795000,ERFA
Connor Galvin,RT,24.8,1.0,DET,795000,ERFA
Matt Araiza,P,24.7,1.0,KC,795000,ERFA
Spencer Shrader,K,25.7,1.0,KC,795000,ERFA
Charles Snowden,DE,26.8,1.0,LV,795000,ERFA
Jalen Redmond,DE,25.8,1.0,MIN,795000,ERFA
Evan Anderson,DT,22.9,1.0,SF,795000,ERFA
Austen Pleasants,LT,27.4,,SF,795000,ERFA
Joshua Onujiogu,OLB,26.8,2.0,SEA,795000,ERFA
C.J. Brewer,DE,27.2,1.0,TB,795000,ERFA
Jesse Luketa,LB,26.0,3.0,ARI,787500,RFA
Isaiah Pola-Mao,S,25.6,3.0,LV,787500,RFA
Darrell Baker Jr.,CB,26.8,2.0,TEN,787500,ERFA
James Houston,OLB,26.2,2.0,CLE,787500,RFA
Jordan Meredith,G,27.0,2.0,LV,750000,ERFA
TK McLendon Jr.,DE,24.9,2.0,TEN,750000,ERFA
Kana’i Mauga,ILB,25.0,2.0,LV,750000,ERFA
Kayode Awosika,G,26.2,3.0,DET,705000,RFA
Kwon Alexander,ILB,30.4,10.0,DET,383400,UFA
Markus Bailey,OLB,27.8,5.0,ARI,302400,UFA
Kevon Seymour,CB,31.2,7.0,WAS,302400,UFA
Matthew Butler,DT,25.6,2.0,LV,0,ERFA
Teagan Quitoriano,TE,24.8,2.0,HOU,0,RFA
Greg Stroman,CB,28.8,5.0,NYG,0,UFA
Nick McCloud,CB,26.5,4.0,SF,0,UFA
Raekwon McMillan,ILB,29.2,8.0,TEN,0,UFA
Caden Sterns,S,25.2,4.0,PHI,,UFA
Lil’jordan Humphrey,WR,26.8,6.0,DEN,,UFA
Morice Norris,S,24.3,,DET,,ERFA
